hostname,input_index,final_class,dns_class,dns_a,dns_aaaa,dns_cname,resolver_summary,https_status,https_effective_url,https_error,http_status,http_effective_url,http_error,web_reason,elapsed_ms,timestamp_utc
12studio.ru,1,04_STILL_UNCERTAIN,DNS_UNCERTAIN,,,,cloudflare=MIXED;google=MIXED;quad9=MIXED,,,,,,,,15444,2026-08-27T11:23:53Z
1520gym.ru,2,04_STILL_UNCERTAIN,DNS_UNCERTAIN,,,,cloudflare=MIXED;google=MIXED;quad9=MIXED,,,,,,,,907,2026-08-27T11:23:38Z
19-ok.ru,3,04_STILL_UNCERTAIN,DNS_UNCERTAIN,,,,cloudflare=NODATA;google=NODATA;quad9=NODATA,,,,,,,,1279,2026-08-27T11:23:39Z
1day-course.ru,4,04_STILL_UNCERTAIN,DNS_UNCERTAIN,,,,cloudflare=MIXED;google=MIXED;quad9=MIXED,,,,,,,,1195,2026-08-27T11:23:39Z
1military.ru,5,04_STILL_UNCERTAIN,DNS_UNCERTAIN,,,,cloudflare=MIXED;google=MIXED;quad9=MIXED,,,,,,,,1161,2026-08-27T11:23:40Z
2fish.ru,6,04_STILL_UNCERTAIN,DNS_UNCERTAIN,,,,cloudflare=NODATA;google=NODATA;quad9=NODATA,,,,,,,,1857,2026-08-27T11:23:41Z
350-riverside-crescent.ru,7,04_STILL_UNCERTAIN,DNS_UNCERTAIN,,,,cloudflare=MIXED;google=MIXED;quad9=MIXED,,,,,,,,1003,2026-08-27T11:23:40Z
3v-sykt.ru,8,04_STILL_UNCERTAIN,DNS_UNCERTAIN,,,,cloudflare=MIXED;google=MIXED;quad9=MIXED,,,,,,,,3066,2026-08-27T11:23:43Z
4pda.ru,9,04_STILL_UNCERTAIN,DNS_UNCERTAIN,,,,cloudflare=NODATA;google=NODATA;quad9=NODATA,,,,,,,,3785,2026-08-27T11:23:44Z
504950.ru,10,04_STILL_UNCERTAIN,DNS_UNCERTAIN,,,,cloudflare=MIXED;google=MIXED;quad9=MIXED,,,,,,,,3339,2026-08-27T11:23:44Z
57shkola.ru,11,04_STILL_UNCERTAIN,DNS_UNCERTAIN,,,,cloudflare=MIXED;google=MIXED;quad9=MIXED,,,,,,,,1858,2026-08-27T11:23:45Z
6x100.ru,12,04_STILL_UNCERTAIN,DNS_UNCERTAIN,,,,cloudflare=MIXED;google=MIXED;quad9=MIXED,,,,,,,,6256,2026-08-27T11:23:50Z
78legion.ru,13,04_STILL_UNCERTAIN,DNS_UNCERTAIN,,,,cloudflare=MIXED;google=MIXED;quad9=MIXED,,,,,,,,1254,2026-08-27T11:23:45Z
a-a63.ru,14,04_STILL_UNCERTAIN,DNS_UNCERTAIN,,,,cloudflare=MIXED;google=MIXED;quad9=MIXED,,,,,,,,1074,2026-08-27T11:23:46Z
abvgdeyka-club.ru,15,04_STILL_UNCERTAIN,DNS_UNCERTAIN,,,,cloudflare=MIXED;google=MIXED;quad9=MIXED,,,,,,,,1344,2026-08-27T11:23:47Z
actingstudio.ru,16,04_STILL_UNCERTAIN,DNS_UNCERTAIN,,,,cloudflare=MIXED;google=MIXED;quad9=MIXED,,,,,,,,4564,2026-08-27T11:23:50Z
adaptometriya.ru,17,04_STILL_UNCERTAIN,DNS_UNCERTAIN,,,,cloudflare=NODATA;google=NODATA;quad9=NODATA,,,,,,,,2474,2026-08-27T11:23:49Z
agrofirmapro.ru,18,04_STILL_UNCERTAIN,DNS_UNCERTAIN,,,,cloudflare=MIXED;google=MIXED;quad9=MIXED,,,,,,,,5639,2026-08-27T11:23:55Z
agroportal.ru,19,04_STILL_UNCERTAIN,DNS_UNCERTAIN,,,,cloudflare=MIXED;google=MIXED;quad9=MIXED,,,,,,,,1581,2026-08-27T11:23:52Z
agroresopt.ru,20,04_STILL_UNCERTAIN,DNS_UNCERTAIN,,,,cloudflare=MIXED;google=MIXED;quad9=MIXED,,,,,,,,1661,2026-08-27T11:23:52Z
agroturismo.ru,21,04_STILL_UNCERTAIN,DNS_UNCERTAIN,,,,cloudflare=MIXED;google=MIXED;quad9=MIXED,,,,,,,,1213,2026-08-27T11:23:53Z
agroxperia.ru,22,01_LIVE_WEB,DNS_ALIVE,185.179.188.37,,,cloudflare=ALIVE;google=ALIVE;quad9=ALIVE,200,https://agroxperia.ru/,,,,,HTTPS_RESPONDED,2729,2026-08-27T11:23:55Z
aibbroker.ru,23,04_STILL_UNCERTAIN,DNS_UNCERTAIN,,,,cloudflare=MIXED;google=MIXED;quad9=MIXED,,,,,,,,1947,2026-08-27T11:23:55Z
aiki-center.ru,24,04_STILL_UNCERTAIN,DNS_UNCERTAIN,,,,cloudflare=MIXED;google=MIXED;quad9=MIXED,,,,,,,,4943,2026-08-27T11:23:58Z
aincrad.su,25,04_STILL_UNCERTAIN,DNS_UNCERTAIN,,,,cloudflare=MIXED;google=MIXED;quad9=MIXED,,,,,,,,18853,2026-08-27T11:24:14Z
aiyadesignframework.ru,26,04_STILL_UNCERTAIN,DNS_UNCERTAIN,,,,cloudflare=MIXED;google=MIXED;quad9=MIXED,,,,,,,,1169,2026-08-27T11:23:56Z
ak-luchezarny.ru,27,04_STILL_UNCERTAIN,DNS_UNCERTAIN,,,,cloudflare=MIXED;google=MIXED;quad9=MIXED,,,,,,,,1907,2026-08-27T11:23:57Z
akvapalace.ru,28,04_STILL_UNCERTAIN,DNS_UNCERTAIN,,,,cloudflare=MIXED;google=MIXED;quad9=MIXED,,,,,,,,1577,2026-08-27T11:23:58Z
aleksa39.ru,29,04_STILL_UNCERTAIN,DNS_UNCERTAIN,,,,cloudflare=MIXED;google=MIXED;quad9=MIXED,,,,,,,,778,2026-08-27T11:23:58Z
alevgroup.ru,30,04_STILL_UNCERTAIN,DNS_UNCERTAIN,,,,cloudflare=MIXED;google=MIXED;quad9=MIXED,,,,,,,,734,2026-08-27T11:23:58Z
alfa-plus.su,31,04_STILL_UNCERTAIN,DNS_UNCERTAIN,,,,cloudflare=MIXED;google=MIXED;quad9=MIXED,,,,,,,,664,2026-08-27T11:23:59Z
alfaautosochi.ru,32,04_STILL_UNCERTAIN,DNS_UNCERTAIN,,,,cloudflare=MIXED;google=MIXED;quad9=MIXED,,,,,,,,680,2026-08-27T11:23:59Z
all-anekdoty.ru,33,04_STILL_UNCERTAIN,DNS_UNCERTAIN,,,,cloudflare=MIXED;google=MIXED;quad9=MIXED,,,,,,,,769,2026-08-27T11:23:59Z
alsver.ru,34,04_STILL_UNCERTAIN,DNS_UNCERTAIN,,,,cloudflare=MIXED;google=MIXED;quad9=MIXED,,,,,,,,838,2026-08-27T11:23:59Z
amakids-strogino.ru,35,04_STILL_UNCERTAIN,DNS_UNCERTAIN,,,,cloudflare=MIXED;google=MIXED;quad9=MIXED,,,,,,,,831,2026-08-27T11:24:00Z
amberpermalko.ru,36,04_STILL_UNCERTAIN,DNS_UNCERTAIN,,,,cloudflare=MIXED;google=MIXED;quad9=MIXED,,,,,,,,2497,2026-08-27T11:24:02Z
amigo-hotel.ru,37,04_STILL_UNCERTAIN,DNS_UNCERTAIN,,,,cloudflare=NODATA;google=NODATA;quad9=NODATA,,,,,,,,1576,2026-08-27T11:24:01Z
amrshadr.ru,38,04_STILL_UNCERTAIN,DNS_UNCERTAIN,,,,cloudflare=NODATA;google=NODATA;quad9=NODATA,,,,,,,,1450,2026-08-27T11:24:01Z
amtek-crimea.ru,39,04_STILL_UNCERTAIN,DNS_UNCERTAIN,,,,cloudflare=MIXED;google=MIXED;quad9=MIXED,,,,,,,,1300,2026-08-27T11:24:02Z
anche-design.ru,40,04_STILL_UNCERTAIN,DNS_UNCERTAIN,,,,cloudflare=MIXED;google=MIXED;quad9=MIXED,,,,,,,,1408,2026-08-27T11:24:02Z
anddre.ru,41,04_STILL_UNCERTAIN,DNS_UNCERTAIN,,,,cloudflare=MIXED;google=MIXED;quad9=MIXED,,,,,,,,882,2026-08-27T11:24:03Z
andrewbondar.ru,42,04_STILL_UNCERTAIN,DNS_UNCERTAIN,,,,cloudflare=MIXED;google=MIXED;quad9=MIXED,,,,,,,,1058,2026-08-27T11:24:03Z
andrfree.ru,43,04_STILL_UNCERTAIN,DNS_UNCERTAIN,,,,cloudflare=MIXED;google=MIXED;quad9=MIXED,,,,,,,,1018,2026-08-27T11:24:03Z
animdor.ru,44,04_STILL_UNCERTAIN,DNS_UNCERTAIN,,,,cloudflare=NODATA;google=NODATA;quad9=NODATA,,,,,,,,3106,2026-08-27T11:24:06Z
anisimovorc.ru,45,04_STILL_UNCERTAIN,DNS_UNCERTAIN,,,,cloudflare=MIXED;google=MIXED;quad9=MIXED,,,,,,,,3204,2026-08-27T11:24:07Z
anixa.ru,46,04_STILL_UNCERTAIN,DNS_UNCERTAIN,,,,cloudflare=NODATA;google=NODATA;quad9=NODATA,,,,,,,,3544,2026-08-27T11:24:07Z
april-trends.ru,47,04_STILL_UNCERTAIN,DNS_UNCERTAIN,,,,cloudflare=MIXED;google=MIXED;quad9=MIXED,,,,,,,,1412,2026-08-27T11:24:07Z
ardiz-school.ru,48,04_STILL_UNCERTAIN,DNS_UNCERTAIN,,,,cloudflare=MIXED;google=MIXED;quad9=MIXED,,,,,,,,1868,2026-08-27T11:24:08Z
arefino-kdk.ru,49,04_STILL_UNCERTAIN,DNS_UNCERTAIN,,,,cloudflare=NODATA;google=NODATA;quad9=NODATA,,,,,,,,2436,2026-08-27T11:24:09Z
armenia-borzya.ru,50,04_STILL_UNCERTAIN,DNS_UNCERTAIN,,,,cloudflare=MIXED;google=MIXED;quad9=MIXED,,,,,,,,24574,2026-08-27T11:24:32Z
arsenal-school.ru,51,04_STILL_UNCERTAIN,DNS_UNCERTAIN,,,,cloudflare=MIXED;google=MIXED;quad9=MIXED,,,,,,,,3015,2026-08-27T11:24:11Z
art-proekt.su,52,04_STILL_UNCERTAIN,DNS_UNCERTAIN,,,,cloudflare=MIXED;google=MIXED;quad9=MIXED,,,,,,,,2551,2026-08-27T11:24:12Z
artlocstudio.ru,53,04_STILL_UNCERTAIN,DNS_UNCERTAIN,,,,cloudflare=MIXED;google=MIXED;quad9=MIXED,,,,,,,,2676,2026-08-27T11:24:14Z
artofhome.ru,54,04_STILL_UNCERTAIN,DNS_UNCERTAIN,,,,cloudflare=MIXED;google=MIXED;quad9=MIXED,,,,,,,,551,2026-08-27T11:24:14Z
arttravelblog.ru,55,04_STILL_UNCERTAIN,DNS_UNCERTAIN,,,,cloudflare=MIXED;google=MIXED;quad9=MIXED,,,,,,,,851,2026-08-27T11:24:15Z
astralreport.ru,56,04_STILL_UNCERTAIN,DNS_UNCERTAIN,,,,cloudflare=MIXED;google=MIXED;quad9=MIXED,,,,,,,,885,2026-08-27T11:24:15Z
astrogalactica.ru,57,04_STILL_UNCERTAIN,DNS_UNCERTAIN,,,,cloudflare=MIXED;google=MIXED;quad9=MIXED,,,,,,,,1039,2026-08-27T11:24:15Z
autodealerawards.ru,58,04_STILL_UNCERTAIN,DNS_UNCERTAIN,,,,cloudflare=MIXED;google=MIXED;quad9=MIXED,,,,,,,,814,2026-08-27T11:24:15Z
autouniversal22.ru,59,04_STILL_UNCERTAIN,DNS_UNCERTAIN,,,,cloudflare=MIXED;google=MIXED;quad9=MIXED,,,,,,,,18869,2026-08-27T11:24:34Z
autourist.ru,60,04_STILL_UNCERTAIN,DNS_UNCERTAIN,,,,cloudflare=NODATA;google=NODATA;quad9=NODATA,,,,,,,,2330,2026-08-27T11:24:18Z
avantischool.ru,61,04_STILL_UNCERTAIN,DNS_UNCERTAIN,,,,cloudflare=MIXED;google=MIXED;quad9=MIXED,,,,,,,,2563,2026-08-27T11:24:18Z
aventics-emerson.ru,62,04_STILL_UNCERTAIN,DNS_UNCERTAIN,,,,cloudflare=MIXED;google=MIXED;quad9=MIXED,,,,,,,,6932,2026-08-27T11:24:25Z
avize.ru,63,04_STILL_UNCERTAIN,DNS_UNCERTAIN,,,,cloudflare=MIXED;google=MIXED;quad9=MIXED,,,,,,,,6943,2026-08-27T11:24:25Z
avrora-mebel72.ru,64,04_STILL_UNCERTAIN,DNS_UNCERTAIN,,,,cloudflare=MIXED;google=MIXED;quad9=MIXED,,,,,,,,1114,2026-08-27T11:24:26Z
avto-elektriik.ru,65,04_STILL_UNCERTAIN,DNS_UNCERTAIN,,,,cloudflare=MIXED;google=MIXED;quad9=MIXED,,,,,,,,986,2026-08-27T11:24:26Z
badlady.ru,66,04_STILL_UNCERTAIN,DNS_UNCERTAIN,,,,cloudflare=NODATA;google=NODATA;quad9=NODATA,,,,,,,,5920,2026-08-27T11:24:32Z
badmivasil.ru,67,04_STILL_UNCERTAIN,DNS_UNCERTAIN,,,,cloudflare=MIXED;google=MIXED;quad9=MIXED,,,,,,,,6018,2026-08-27T11:24:32Z
bakaty.ru,68,04_STILL_UNCERTAIN,DNS_UNCERTAIN,,,,cloudflare=MIXED;google=MIXED;quad9=MIXED,,,,,,,,974,2026-08-27T11:24:33Z
baltstroyproject.ru,69,04_STILL_UNCERTAIN,DNS_UNCERTAIN,,,,cloudflare=MIXED;google=MIXED;quad9=MIXED,,,,,,,,3647,2026-08-27T11:24:35Z
baron32.ru,70,04_STILL_UNCERTAIN,DNS_UNCERTAIN,,,,cloudflare=MIXED;google=MIXED;quad9=MIXED,,,,,,,,976,2026-08-27T11:24:33Z
bcnark.ru,71,04_STILL_UNCERTAIN,DNS_UNCERTAIN,,,,cloudflare=MIXED;google=MIXED;quad9=MIXED,,,,,,,,840,2026-08-27T11:24:34Z
bellario.ru,72,04_STILL_UNCERTAIN,DNS_UNCERTAIN,,,,cloudflare=MIXED;google=MIXED;quad9=MIXED,,,,,,,,801,2026-08-27T11:24:34Z
bestcitations.ru,73,04_STILL_UNCERTAIN,DNS_UNCERTAIN,,,,cloudflare=MIXED;google=MIXED;quad9=MIXED,,,,,,,,1361,2026-08-27T11:24:35Z
bighub.ru,74,04_STILL_UNCERTAIN,DNS_UNCERTAIN,,,,cloudflare=MIXED;google=MIXED;quad9=MIXED,,,,,,,,1353,2026-08-27T11:24:35Z
bigpolitik.ru,75,04_STILL_UNCERTAIN,DNS_UNCERTAIN,,,,cloudflare=MIXED;google=MIXED;quad9=MIXED,,,,,,,,1615,2026-08-27T11:24:36Z
bishka.ru,76,04_STILL_UNCERTAIN,DNS_UNCERTAIN,,,,cloudflare=MIXED;google=MIXED;quad9=MIXED,,,,,,,,1563,2026-08-27T11:24:37Z
bit-max.ru,77,04_STILL_UNCERTAIN,DNS_UNCERTAIN,,,,cloudflare=MIXED;google=MIXED;quad9=MIXED,,,,,,,,5544,2026-08-27T11:24:41Z
blenderfreshbar.ru,78,04_STILL_UNCERTAIN,DNS_UNCERTAIN,,,,cloudflare=MIXED;google=MIXED;quad9=MIXED,,,,,,,,1462,2026-08-27T11:24:37Z
blikdok.ru,79,04_STILL_UNCERTAIN,DNS_UNCERTAIN,,,,cloudflare=MIXED;google=MIXED;quad9=MIXED,,,,,,,,6812,2026-08-27T11:24:42Z
bogdanovo-pskov.ru,80,04_STILL_UNCERTAIN,DNS_UNCERTAIN,,,,cloudflare=NODATA;google=NODATA;quad9=NODATA,,,,,,,,775,2026-08-27T11:24:37Z
brandsbery.ru,81,04_STILL_UNCERTAIN,DNS_UNCERTAIN,,,,cloudflare=MIXED;google=MIXED;quad9=MIXED,,,,,,,,614,2026-08-27T11:24:38Z
breakdance-ufa.ru,82,04_STILL_UNCERTAIN,DNS_UNCERTAIN,,,,cloudflare=MIXED;google=MIXED;quad9=MIXED,,,,,,,,714,2026-08-27T11:24:38Z
bringingsuccess.ru,83,04_STILL_UNCERTAIN,DNS_UNCERTAIN,,,,cloudflare=MIXED;google=MIXED;quad9=MIXED,,,,,,,,1576,2026-08-27T11:24:39Z
brtdog.ru,84,04_STILL_UNCERTAIN,DNS_UNCERTAIN,,,,cloudflare=MIXED;google=MIXED;quad9=MIXED,,,,,,,,2931,2026-08-27T11:24:41Z
brusnika-hotel.ru,85,04_STILL_UNCERTAIN,DNS_UNCERTAIN,,,,cloudflare=NODATA;google=NODATA;quad9=NODATA,,,,,,,,2338,2026-08-27T11:24:41Z
buhsochi.ru,86,04_STILL_UNCERTAIN,DNS_UNCERTAIN,,,,cloudflare=NODATA;google=NODATA;quad9=NODATA,,,,,,,,1474,2026-08-27T11:24:42Z
buket-podarki02.ru,87,04_STILL_UNCERTAIN,DNS_UNCERTAIN,,,,cloudflare=MIXED;google=MIXED;quad9=MIXED,,,,,,,,1392,2026-08-27T11:24:42Z
busgov.ru,88,04_STILL_UNCERTAIN,DNS_UNCERTAIN,,,,cloudflare=NODATA;google=NODATA;quad9=NODATA,,,,,,,,1289,2026-08-27T11:24:43Z
busredi.ru,89,04_STILL_UNCERTAIN,DNS_UNCERTAIN,,,,cloudflare=MIXED;google=MIXED;quad9=MIXED,,,,,,,,24472,2026-08-27T11:25:07Z
bytzapchasti-online.ru,90,04_STILL_UNCERTAIN,DNS_UNCERTAIN,,,,cloudflare=MIXED;google=MIXED;quad9=MIXED,,,,,,,,1170,2026-08-27T11:24:44Z
c-zarnitza.ru,91,04_STILL_UNCERTAIN,DNS_UNCERTAIN,,,,cloudflare=MIXED;google=MIXED;quad9=MIXED,,,,,,,,2395,2026-08-27T11:24:45Z
cacaovpn.ru,92,04_STILL_UNCERTAIN,DNS_UNCERTAIN,,,,cloudflare=NODATA;google=NODATA;quad9=NODATA,,,,,,,,1308,2026-08-27T11:24:44Z
caesar-stroy.ru,93,04_STILL_UNCERTAIN,DNS_UNCERTAIN,,,,cloudflare=MIXED;google=MIXED;quad9=MIXED,,,,,,,,1372,2026-08-27T11:24:45Z
cakyra.ru,94,04_STILL_UNCERTAIN,DNS_UNCERTAIN,,,,cloudflare=MIXED;google=MIXED;quad9=MIXED,,,,,,,,1124,2026-08-27T11:24:45Z
cat-game.ru,95,04_STILL_UNCERTAIN,DNS_UNCERTAIN,,,,cloudflare=MIXED;google=MIXED;quad9=MIXED,,,,,,,,939,2026-08-27T11:24:46Z
ceed-jd.ru,96,04_STILL_UNCERTAIN,DNS_UNCERTAIN,,,,cloudflare=MIXED;google=MIXED;quad9=MIXED,,,,,,,,3878,2026-08-27T11:24:49Z
centre-kuhni.ru,97,04_STILL_UNCERTAIN,DNS_UNCERTAIN,,,,cloudflare=MIXED;google=MIXED;quad9=MIXED,,,,,,,,1087,2026-08-27T11:24:46Z
centre7.ru,98,04_STILL_UNCERTAIN,DNS_UNCERTAIN,,,,cloudflare=MIXED;google=MIXED;quad9=MIXED,,,,,,,,1217,2026-08-27T11:24:47Z
cepsh.ru,99,04_STILL_UNCERTAIN,DNS_UNCERTAIN,,,,cloudflare=MIXED;google=MIXED;quad9=MIXED,,,,,,,,5133,2026-08-27T11:24:51Z
chbuh.ru,100,04_STILL_UNCERTAIN,DNS_UNCERTAIN,,,,cloudflare=MIXED;google=MIXED;quad9=MIXED,,,,,,,,6599,2026-08-27T11:24:54Z
cheat-master.ru,101,04_STILL_UNCERTAIN,DNS_UNCERTAIN,,,,cloudflare=MIXED;google=MIXED;quad9=MIXED,,,,,,,,2256,2026-08-27T11:24:51Z
chetkiisluh.ru,102,04_STILL_UNCERTAIN,DNS_UNCERTAIN,,,,cloudflare=MIXED;google=MIXED;quad9=MIXED,,,,,,,,736,2026-08-27T11:24:52Z
chnk.ru,103,04_STILL_UNCERTAIN,DNS_UNCERTAIN,,,,cloudflare=NODATA;google=NODATA;quad9=NODATA,,,,,,,,2316,2026-08-27T11:24:54Z
chtokomupodarit.ru,104,04_STILL_UNCERTAIN,DNS_UNCERTAIN,,,,cloudflare=MIXED;google=MIXED;quad9=MIXED,,,,,,,,896,2026-08-27T11:24:54Z
clipbuh.ru,105,04_STILL_UNCERTAIN,DNS_UNCERTAIN,,,,cloudflare=MIXED;google=MIXED;quad9=MIXED,,,,,,,,9347,2026-08-27T11:25:03Z
clubwt.ru,106,04_STILL_UNCERTAIN,DNS_UNCERTAIN,,,,cloudflare=MIXED;google=MIXED;quad9=MIXED,,,,,,,,6421,2026-08-27T11:25:00Z
complex-ideas.ru,107,04_STILL_UNCERTAIN,DNS_UNCERTAIN,,,,cloudflare=MIXED;google=MIXED;quad9=MIXED,,,,,,,,4091,2026-08-27T11:24:58Z
comradgroup.ru,108,04_STILL_UNCERTAIN,DNS_UNCERTAIN,,,,cloudflare=MIXED;google=MIXED;quad9=MIXED,,,,,,,,5247,2026-08-27T11:25:03Z
conversion-labs.ru,109,04_STILL_UNCERTAIN,DNS_UNCERTAIN,,,,cloudflare=MIXED;google=MIXED;quad9=MIXED,,,,,,,,14395,2026-08-27T11:25:15Z
coolseoman.ru,110,04_STILL_UNCERTAIN,DNS_UNCERTAIN,,,,cloudflare=MIXED;google=MIXED;quad9=MIXED,,,,,,,,1068,2026-08-27T11:25:04Z
countrumen.ru,111,04_STILL_UNCERTAIN,DNS_UNCERTAIN,,,,cloudflare=MIXED;google=MIXED;quad9=MIXED,,,,,,,,924,2026-08-27T11:25:04Z
cpconstruction.ru,112,04_STILL_UNCERTAIN,DNS_UNCERTAIN,,,,cloudflare=MIXED;google=MIXED;quad9=MIXED,,,,,,,,4942,2026-08-27T11:25:09Z
crioland.ru,113,04_STILL_UNCERTAIN,DNS_UNCERTAIN,,,,cloudflare=MIXED;google=MIXED;quad9=MIXED,,,,,,,,1030,2026-08-27T11:25:05Z
crrpokachi.ru,114,04_STILL_UNCERTAIN,DNS_UNCERTAIN,,,,cloudflare=MIXED;google=MIXED;quad9=MIXED,,,,,,,,558,2026-08-27T11:25:06Z
cup-n-cake.ru,115,04_STILL_UNCERTAIN,DNS_UNCERTAIN,,,,cloudflare=MIXED;google=MIXED;quad9=MIXED,,,,,,,,608,2026-08-27T11:25:07Z
cvety-tut.ru,116,04_STILL_UNCERTAIN,DNS_UNCERTAIN,,,,cloudflare=MIXED;google=MIXED;quad9=MIXED,,,,,,,,1412,2026-08-27T11:25:08Z
cvrg.ru,117,04_STILL_UNCERTAIN,DNS_UNCERTAIN,,,,cloudflare=MIXED;google=MIXED;quad9=MIXED,,,,,,,,1571,2026-08-27T11:25:08Z
dagognicgb.ru,118,04_STILL_UNCERTAIN,DNS_UNCERTAIN,,,,cloudflare=MIXED;google=MIXED;quad9=MIXED,,,,,,,,1163,2026-08-27T11:25:09Z
daizakurit.ru,119,04_STILL_UNCERTAIN,DNS_UNCERTAIN,,,,cloudflare=MIXED;google=MIXED;quad9=MIXED,,,,,,,,3444,2026-08-27T11:25:12Z
dallas-hotel.ru,120,04_STILL_UNCERTAIN,DNS_UNCERTAIN,,,,cloudflare=MIXED;google=MIXED;quad9=MIXED,,,,,,,,4195,2026-08-27T11:25:13Z
datasciencecourse.ru,121,04_STILL_UNCERTAIN,DNS_UNCERTAIN,,,,cloudflare=MIXED;google=MIXED;quad9=MIXED,,,,,,,,4570,2026-08-27T11:25:14Z
delice-mebel.ru,122,04_STILL_UNCERTAIN,DNS_UNCERTAIN,,,,cloudflare=MIXED;google=MIXED;quad9=MIXED,,,,,,,,3241,2026-08-27T11:25:15Z
delivery-vodka.ru,123,04_STILL_UNCERTAIN,DNS_UNCERTAIN,,,,cloudflare=MIXED;google=MIXED;quad9=MIXED,,,,,,,,23226,2026-08-27T11:25:37Z
delogp.ru,124,04_STILL_UNCERTAIN,DNS_UNCERTAIN,,,,cloudflare=MIXED;google=MIXED;quad9=MIXED,,,,,,,,3005,2026-08-27T11:25:17Z
demsdems.ru,125,04_STILL_UNCERTAIN,DNS_UNCERTAIN,,,,cloudflare=MIXED;google=MIXED;quad9=MIXED,,,,,,,,21467,2026-08-27T11:25:36Z
deshtor.ru,126,04_STILL_UNCERTAIN,DNS_UNCERTAIN,,,,cloudflare=MIXED;google=MIXED;quad9=MIXED,,,,,,,,2830,2026-08-27T11:25:18Z
designvent.ru,127,04_STILL_UNCERTAIN,DNS_UNCERTAIN,,,,cloudflare=MIXED;google=MIXED;quad9=MIXED,,,,,,,,1462,2026-08-27T11:25:18Z
detali-a.ru,128,04_STILL_UNCERTAIN,DNS_UNCERTAIN,,,,cloudflare=MIXED;google=MIXED;quad9=MIXED,,,,,,,,22320,2026-08-27T11:25:40Z
deti-umka2002.ru,129,04_STILL_UNCERTAIN,DNS_UNCERTAIN,,,,cloudflare=MIXED;google=MIXED;quad9=MIXED,,,,,,,,1870,2026-08-27T11:25:20Z
detsad20arm.ru,130,04_STILL_UNCERTAIN,DNS_UNCERTAIN,,,,cloudflare=MIXED;google=MIXED;quad9=MIXED,,,,,,,,596,2026-08-27T11:25:21Z
detsad42-sarov.ru,131,04_STILL_UNCERTAIN,DNS_UNCERTAIN,,,,cloudflare=NODATA;google=NODATA;quad9=NODATA,,,,,,,,641,2026-08-27T11:25:21Z
detsad5us.ru,132,04_STILL_UNCERTAIN,DNS_UNCERTAIN,,,,cloudflare=MIXED;google=MIXED;quad9=MIXED,,,,,,,,525,2026-08-27T11:25:22Z
dgbkam.ru,133,04_STILL_UNCERTAIN,DNS_UNCERTAIN,,,,cloudflare=NODATA;google=NODATA;quad9=NODATA,,,,,,,,3837,2026-08-27T11:25:26Z
dianatur.ru,134,04_STILL_UNCERTAIN,DNS_UNCERTAIN,,,,cloudflare=MIXED;google=MIXED;quad9=MIXED,,,,,,,,10352,2026-08-27T11:25:36Z
disclosures.ru,135,04_STILL_UNCERTAIN,DNS_UNCERTAIN,,,,cloudflare=MIXED;google=MIXED;quad9=MIXED,,,,,,,,22703,2026-08-27T11:25:59Z
dkamila.ru,136,04_STILL_UNCERTAIN,DNS_UNCERTAIN,,,,cloudflare=MIXED;google=MIXED;quad9=MIXED,,,,,,,,2233,2026-08-27T11:25:38Z
dkley.ru,137,04_STILL_UNCERTAIN,DNS_UNCERTAIN,,,,cloudflare=MIXED;google=MIXED;quad9=MIXED,,,,,,,,2694,2026-08-27T11:25:39Z
dm-magazin.ru,138,04_STILL_UNCERTAIN,DNS_UNCERTAIN,,,,cloudflare=MIXED;google=MIXED;quad9=MIXED,,,,,,,,2546,2026-08-27T11:25:41Z
dmd009.ru,139,04_STILL_UNCERTAIN,DNS_UNCERTAIN,,,,cloudflare=MIXED;google=MIXED;quad9=MIXED,,,,,,,,19479,2026-08-27T11:25:59Z
doki-help.ru,140,04_STILL_UNCERTAIN,DNS_UNCERTAIN,,,,cloudflare=MIXED;google=MIXED;quad9=MIXED,,,,,,,,26525,2026-08-27T11:26:07Z
dokkino.ru,141,04_STILL_UNCERTAIN,DNS_UNCERTAIN,,,,cloudflare=MIXED;google=MIXED;quad9=MIXED,,,,,,,,4020,2026-08-27T11:25:45Z
dom-2-efiri.ru,142,04_STILL_UNCERTAIN,DNS_UNCERTAIN,,,,cloudflare=MIXED;google=MIXED;quad9=MIXED,,,,,,,,17206,2026-08-27T11:26:02Z
dominanta-dance.ru,143,04_STILL_UNCERTAIN,DNS_UNCERTAIN,,,,cloudflare=MIXED;google=MIXED;quad9=MIXED,,,,,,,,822,2026-08-27T11:26:00Z
domodedovo-pivo.ru,144,04_STILL_UNCERTAIN,DNS_UNCERTAIN,,,,cloudflare=MIXED;google=MIXED;quad9=MIXED,,,,,,,,4903,2026-08-27T11:26:04Z
domvsibiri.ru,145,04_STILL_UNCERTAIN,DNS_UNCERTAIN,,,,cloudflare=MIXED;google=MIXED;quad9=MIXED,,,,,,,,16035,2026-08-27T11:26:16Z
donor12.ru,146,04_STILL_UNCERTAIN,DNS_UNCERTAIN,,,,cloudflare=MIXED;google=MIXED;quad9=MIXED,,,,,,,,3968,2026-08-27T11:26:06Z
doramatut.ru,147,04_STILL_UNCERTAIN,DNS_UNCERTAIN,,,,cloudflare=MIXED;google=MIXED;quad9=MIXED,,,,,,,,14101,2026-08-27T11:26:18Z
dorame.su,148,04_STILL_UNCERTAIN,DNS_UNCERTAIN,,,,cloudflare=NODATA;google=NODATA;quad9=NODATA,,,,,,,,1580,2026-08-27T11:26:08Z
dorsovet.ru,149,04_STILL_UNCERTAIN,DNS_UNCERTAIN,,,,cloudflare=MIXED;google=MIXED;quad9=MIXED,,,,,,,,2204,2026-08-27T11:26:09Z
dosaaf66region.ru,150,04_STILL_UNCERTAIN,DNS_UNCERTAIN,,,,cloudflare=NODATA;google=NODATA;quad9=NODATA,,,,,,,,1943,2026-08-27T11:26:10Z
dosaafasbest.ru,151,04_STILL_UNCERTAIN,DNS_UNCERTAIN,,,,cloudflare=MIXED;google=MIXED;quad9=MIXED,,,,,,,,997,2026-08-27T11:26:10Z
dou-malishok.ru,152,04_STILL_UNCERTAIN,DNS_UNCERTAIN,,,,cloudflare=MIXED;google=MIXED;quad9=MIXED,,,,,,,,841,2026-08-27T11:26:11Z
dou7.ru,153,04_STILL_UNCERTAIN,DNS_UNCERTAIN,,,,cloudflare=MIXED;google=MIXED;quad9=MIXED,,,,,,,,2003,2026-08-27T11:26:12Z
doxajournal.ru,154,04_STILL_UNCERTAIN,DNS_UNCERTAIN,,,,cloudflare=MIXED;google=MIXED;quad9=MIXED,,,,,,,,4065,2026-08-27T11:26:16Z
ds-rucheek.ru,155,04_STILL_UNCERTAIN,DNS_UNCERTAIN,,,,cloudflare=MIXED;google=MIXED;quad9=MIXED,,,,,,,,1263,2026-08-27T11:26:14Z
ds137.ru,156,04_STILL_UNCERTAIN,DNS_UNCERTAIN,,,,cloudflare=NODATA;google=NODATA;quad9=NODATA,,,,,,,,677,2026-08-27T11:26:14Z
dsbch1.ru,157,04_STILL_UNCERTAIN,DNS_UNCERTAIN,,,,cloudflare=MIXED;google=MIXED;quad9=MIXED,,,,,,,,1789,2026-08-27T11:26:16Z
dsperm.ru,158,04_STILL_UNCERTAIN,DNS_UNCERTAIN,,,,cloudflare=NODATA;google=NODATA;quad9=NODATA,,,,,,,,544,2026-08-27T11:26:16Z
dsr-105.ru,159,04_STILL_UNCERTAIN,DNS_UNCERTAIN,,,,cloudflare=MIXED;google=MIXED;quad9=MIXED,,,,,,,,614,2026-08-27T11:26:17Z
dstem10.ru,160,04_STILL_UNCERTAIN,DNS_UNCERTAIN,,,,cloudflare=MIXED;google=MIXED;quad9=MIXED,,,,,,,,1038,2026-08-27T11:26:17Z
dt-school.ru,161,04_STILL_UNCERTAIN,DNS_UNCERTAIN,,,,cloudflare=MIXED;google=MIXED;quad9=MIXED,,,,,,,,693,2026-08-27T11:26:17Z
du174.ru,162,04_STILL_UNCERTAIN,DNS_UNCERTAIN,,,,cloudflare=MIXED;google=MIXED;quad9=MIXED,,,,,,,,1368,2026-08-27T11:26:18Z
eco-mol.ru,163,04_STILL_UNCERTAIN,DNS_UNCERTAIN,,,,cloudflare=MIXED;google=MIXED;quad9=MIXED,,,,,,,,19276,2026-08-27T11:26:36Z
ecomirmsk.ru,164,04_STILL_UNCERTAIN,DNS_UNCERTAIN,,,,cloudflare=MIXED;google=MIXED;quad9=MIXED,,,,,,,,1115,2026-08-27T11:26:18Z
eda-shanghai.ru,165,04_STILL_UNCERTAIN,DNS_UNCERTAIN,,,,cloudflare=MIXED;google=MIXED;quad9=MIXED,,,,,,,,791,2026-08-27T11:26:19Z
efigas.ru,166,04_STILL_UNCERTAIN,DNS_UNCERTAIN,,,,cloudflare=MIXED;google=MIXED;quad9=MIXED,,,,,,,,932,2026-08-27T11:26:19Z
egrptv.ru,167,04_STILL_UNCERTAIN,DNS_UNCERTAIN,,,,cloudflare=NODATA;google=NODATA;quad9=NODATA,,,,,,,,892,2026-08-27T11:26:19Z
ekapresent.ru,168,04_STILL_UNCERTAIN,DNS_UNCERTAIN,,,,cloudflare=MIXED;google=MIXED;quad9=MIXED,,,,,,,,1035,2026-08-27T11:26:20Z
ekspomebel.ru,169,04_STILL_UNCERTAIN,DNS_UNCERTAIN,,,,cloudflare=MIXED;google=MIXED;quad9=MIXED,,,,,,,,1170,2026-08-27T11:26:20Z
elixara.ru,170,04_STILL_UNCERTAIN,DNS_UNCERTAIN,,,,cloudflare=MIXED;google=MIXED;quad9=MIXED,,,,,,,,2027,2026-08-27T11:26:21Z
elki-urala.ru,171,04_STILL_UNCERTAIN,DNS_UNCERTAIN,,,,cloudflare=MIXED;google=MIXED;quad9=MIXED,,,,,,,,1612,2026-08-27T11:26:21Z
elkidoma.ru,172,04_STILL_UNCERTAIN,DNS_UNCERTAIN,,,,cloudflare=MIXED;google=MIXED;quad9=MIXED,,,,,,,,1364,2026-08-27T11:26:22Z
elschoolru.ru,173,04_STILL_UNCERTAIN,DNS_UNCERTAIN,,,,cloudflare=NODATA;google=NODATA;quad9=NODATA,,,,,,,,669,2026-08-27T11:26:22Z
emeliynoff.ru,174,04_STILL_UNCERTAIN,DNS_UNCERTAIN,,,,cloudflare=MIXED;google=MIXED;quad9=MIXED,,,,,,,,845,2026-08-27T11:26:22Z
engels-dshi4.ru,175,04_STILL_UNCERTAIN,DNS_UNCERTAIN,,,,cloudflare=NODATA;google=NODATA;quad9=NODATA,,,,,,,,1106,2026-08-27T11:26:23Z
english-kursk.ru,176,04_STILL_UNCERTAIN,DNS_UNCERTAIN,,,,cloudflare=MIXED;google=MIXED;quad9=MIXED,,,,,,,,719,2026-08-27T11:26:23Z
englishbon.ru,177,04_STILL_UNCERTAIN,DNS_UNCERTAIN,,,,cloudflare=MIXED;google=MIXED;quad9=MIXED,,,,,,,,673,2026-08-27T11:26:23Z
englishdeduction.ru,178,04_STILL_UNCERTAIN,DNS_UNCERTAIN,,,,cloudflare=MIXED;google=MIXED;quad9=MIXED,,,,,,,,778,2026-08-27T11:26:23Z
esthetiks.ru,179,04_STILL_UNCERTAIN,DNS_UNCERTAIN,,,,cloudflare=NODATA;google=NODATA;quad9=NODATA,,,,,,,,799,2026-08-27T11:26:23Z
eurotutu.ru,180,04_STILL_UNCERTAIN,DNS_UNCERTAIN,,,,cloudflare=MIXED;google=MIXED;quad9=MIXED,,,,,,,,1134,2026-08-27T11:26:24Z
event-1.ru,181,04_STILL_UNCERTAIN,DNS_UNCERTAIN,,,,cloudflare=NODATA;google=NODATA;quad9=NODATA,,,,,,,,1380,2026-08-27T11:26:25Z
exclyzivdecor.ru,182,04_STILL_UNCERTAIN,DNS_UNCERTAIN,,,,cloudflare=NODATA;google=NODATA;quad9=NODATA,,,,,,,,1728,2026-08-27T11:26:25Z
exler.ru,183,04_STILL_UNCERTAIN,DNS_UNCERTAIN,,,,cloudflare=NODATA;google=NODATA;quad9=NODATA,,,,,,,,1112,2026-08-27T11:26:25Z
expo-finance.ru,184,04_STILL_UNCERTAIN,DNS_UNCERTAIN,,,,cloudflare=NODATA;google=NODATA;quad9=NODATA,,,,,,,,1708,2026-08-27T11:26:27Z
fanpicture.ru,185,04_STILL_UNCERTAIN,DNS_UNCERTAIN,,,,cloudflare=NODATA;google=NODATA;quad9=NODATA,,,,,,,,1800,2026-08-27T11:26:27Z
fastlaneventures.ru,186,04_STILL_UNCERTAIN,DNS_UNCERTAIN,,,,cloudflare=NODATA;google=NODATA;quad9=NODATA,,,,,,,,2048,2026-08-27T11:26:28Z
favorit-kitchen.ru,187,04_STILL_UNCERTAIN,DNS_UNCERTAIN,,,,cloudflare=MIXED;google=MIXED;quad9=MIXED,,,,,,,,2012,2026-08-27T11:26:29Z
fiat-delphocom.ru,188,04_STILL_UNCERTAIN,DNS_UNCERTAIN,,,,cloudflare=MIXED;google=MIXED;quad9=MIXED,,,,,,,,1856,2026-08-27T11:26:29Z
fizzl.ru,189,04_STILL_UNCERTAIN,DNS_UNCERTAIN,,,,cloudflare=NODATA;google=NODATA;quad9=NODATA,,,,,,,,2127,2026-08-27T11:26:30Z
floristnov.ru,190,04_STILL_UNCERTAIN,DNS_UNCERTAIN,,,,cloudflare=MIXED;google=MIXED;quad9=MIXED,,,,,,,,1268,2026-08-27T11:26:30Z
fond-179.ru,191,04_STILL_UNCERTAIN,DNS_UNCERTAIN,,,,cloudflare=MIXED;google=MIXED;quad9=MIXED,,,,,,,,1266,2026-08-27T11:26:30Z
fondpi.ru,192,04_STILL_UNCERTAIN,DNS_UNCERTAIN,,,,cloudflare=MIXED;google=MIXED;quad9=MIXED,,,,,,,,795,2026-08-27T11:26:30Z
fondspas.ru,193,04_STILL_UNCERTAIN,DNS_UNCERTAIN,,,,cloudflare=MIXED;google=MIXED;quad9=MIXED,,,,,,,,1118,2026-08-27T11:26:31Z
forma42.ru,194,04_STILL_UNCERTAIN,DNS_UNCERTAIN,,,,cloudflare=MIXED;google=MIXED;quad9=MIXED,,,,,,,,1761,2026-08-27T11:26:32Z
forumuzao.ru,195,04_STILL_UNCERTAIN,DNS_UNCERTAIN,,,,cloudflare=NODATA;google=NODATA;quad9=NODATA,,,,,,,,1625,2026-08-27T11:26:32Z
fosslook.ru,196,04_STILL_UNCERTAIN,DNS_UNCERTAIN,,,,cloudflare=MIXED;google=MIXED;quad9=MIXED,,,,,,,,1227,2026-08-27T11:26:32Z
foto-times.ru,197,04_STILL_UNCERTAIN,DNS_UNCERTAIN,,,,cloudflare=MIXED;google=MIXED;quad9=MIXED,,,,,,,,980,2026-08-27T11:26:33Z
fourschoolkam.ru,198,04_STILL_UNCERTAIN,DNS_UNCERTAIN,,,,cloudflare=MIXED;google=MIXED;quad9=MIXED,,,,,,,,665,2026-08-27T11:26:33Z
free-porno-torrent.ru,199,04_STILL_UNCERTAIN,DNS_UNCERTAIN,,,,cloudflare=MIXED;google=MIXED;quad9=MIXED,,,,,,,,906,2026-08-27T11:26:33Z
fundmsu.ru,200,04_STILL_UNCERTAIN,DNS_UNCERTAIN,,,,cloudflare=MIXED;google=MIXED;quad9=MIXED,,,,,,,,693,2026-08-27T11:26:33Z
fundsconf.ru,201,04_STILL_UNCERTAIN,DNS_UNCERTAIN,,,,cloudflare=MIXED;google=MIXED;quad9=MIXED,,,,,,,,753,2026-08-27T11:26:34Z
g-sad.ru,202,04_STILL_UNCERTAIN,DNS_UNCERTAIN,,,,cloudflare=MIXED;google=MIXED;quad9=MIXED,,,,,,,,1941,2026-08-27T11:26:35Z
galereya-kafe.ru,203,04_STILL_UNCERTAIN,DNS_UNCERTAIN,,,,cloudflare=MIXED;google=MIXED;quad9=MIXED,,,,,,,,2308,2026-08-27T11:26:36Z
gallery-belyaevo.ru,204,04_STILL_UNCERTAIN,DNS_UNCERTAIN,,,,cloudflare=NODATA;google=NODATA;quad9=NODATA,,,,,,,,839,2026-08-27T11:26:36Z
garantiya-krasnodar.ru,205,04_STILL_UNCERTAIN,DNS_UNCERTAIN,,,,cloudflare=MIXED;google=MIXED;quad9=MIXED,,,,,,,,742,2026-08-27T11:26:36Z
gaz-almaz23.ru,206,04_STILL_UNCERTAIN,DNS_UNCERTAIN,,,,cloudflare=MIXED;google=MIXED;quad9=MIXED,,,,,,,,14274,2026-08-27T11:26:50Z
gbozerniy.ru,207,04_STILL_UNCERTAIN,DNS_UNCERTAIN,,,,cloudflare=MIXED;google=MIXED;quad9=MIXED,,,,,,,,1129,2026-08-27T11:26:37Z
gbu-sever.ru,208,04_STILL_UNCERTAIN,DNS_UNCERTAIN,,,,cloudflare=MIXED;google=MIXED;quad9=MIXED,,,,,,,,1426,2026-08-27T11:26:37Z
genbukan-aikido.ru,209,04_STILL_UNCERTAIN,DNS_UNCERTAIN,,,,cloudflare=NODATA;google=NODATA;quad9=NODATA,,,,,,,,1257,2026-08-27T11:26:38Z
generic24.ru,210,04_STILL_UNCERTAIN,DNS_UNCERTAIN,,,,cloudflare=MIXED;google=MIXED;quad9=ERROR,,,,,,,,25721,2026-08-27T11:27:03Z
genumm.ru,211,04_STILL_UNCERTAIN,DNS_UNCERTAIN,,,,cloudflare=NODATA;google=NODATA;quad9=NODATA,,,,,,,,2006,2026-08-27T11:26:39Z
gepatit-stop2.ru,212,04_STILL_UNCERTAIN,DNS_UNCERTAIN,,,,cloudflare=MIXED;google=MIXED;quad9=MIXED,,,,,,,,933,2026-08-27T11:26:39Z
gidravlika-service.ru,213,04_STILL_UNCERTAIN,DNS_UNCERTAIN,,,,cloudflare=MIXED;google=MIXED;quad9=MIXED,,,,,,,,2991,2026-08-27T11:26:42Z
givingnizhny.ru,214,04_STILL_UNCERTAIN,DNS_UNCERTAIN,,,,cloudflare=MIXED;google=MIXED;quad9=MIXED,,,,,,,,2724,2026-08-27T11:26:42Z
glacetech.ru,215,04_STILL_UNCERTAIN,DNS_UNCERTAIN,,,,cloudflare=MIXED;google=MIXED;quad9=MIXED,,,,,,,,2633,2026-08-27T11:26:44Z
glazaboga.ru,216,04_STILL_UNCERTAIN,DNS_UNCERTAIN,,,,cloudflare=MIXED;google=MIXED;quad9=MIXED,,,,,,,,4675,2026-08-27T11:26:47Z
gomake.ru,217,04_STILL_UNCERTAIN,DNS_UNCERTAIN,,,,cloudflare=MIXED;google=MIXED;quad9=MIXED,,,,,,,,604,2026-08-27T11:26:45Z
gordeeff.ru,218,04_STILL_UNCERTAIN,DNS_UNCERTAIN,,,,cloudflare=MIXED;google=MIXED;quad9=MIXED,,,,,,,,7014,2026-08-27T11:26:52Z
gr-development.ru,219,04_STILL_UNCERTAIN,DNS_UNCERTAIN,,,,cloudflare=MIXED;google=MIXED;quad9=MIXED,,,,,,,,23106,2026-08-27T11:27:10Z
gradus31oskol.ru,220,04_STILL_UNCERTAIN,DNS_UNCERTAIN,,,,cloudflare=MIXED;google=MIXED;quad9=MIXED,,,,,,,,8100,2026-08-27T11:26:58Z
great-asia.ru,221,04_STILL_UNCERTAIN,DNS_UNCERTAIN,,,,cloudflare=MIXED;google=MIXED;quad9=MIXED,,,,,,,,2035,2026-08-27T11:26:54Z
greencitymed.ru,222,04_STILL_UNCERTAIN,DNS_UNCERTAIN,,,,cloudflare=MIXED;google=MIXED;quad9=MIXED,,,,,,,,903,2026-08-27T11:26:55Z
gringarden.ru,223,04_STILL_UNCERTAIN,DNS_UNCERTAIN,,,,cloudflare=MIXED;google=MIXED;quad9=MIXED,,,,,,,,667,2026-08-27T11:26:56Z
grossbeer.ru,224,04_STILL_UNCERTAIN,DNS_UNCERTAIN,,,,cloudflare=NODATA;google=NODATA;quad9=NODATA,,,,,,,,6208,2026-08-27T11:27:02Z
groupmnextm.ru,225,04_STILL_UNCERTAIN,DNS_UNCERTAIN,,,,cloudflare=MIXED;google=MIXED;quad9=MIXED,,,,,,,,5912,2026-08-27T11:27:04Z
gta-live.ru,226,04_STILL_UNCERTAIN,DNS_UNCERTAIN,,,,cloudflare=NODATA;google=NODATA;quad9=NODATA,,,,,,,,1901,2026-08-27T11:27:04Z
gustavrussia.ru,227,04_STILL_UNCERTAIN,DNS_UNCERTAIN,,,,cloudflare=MIXED;google=MIXED;quad9=MIXED,,,,,,,,1653,2026-08-27T11:27:04Z
happ-keys.ru,228,04_STILL_UNCERTAIN,DNS_UNCERTAIN,,,,cloudflare=MIXED;google=MIXED;quad9=MIXED,,,,,,,,1137,2026-08-27T11:27:05Z
hasker-kashemir.ru,229,04_STILL_UNCERTAIN,DNS_UNCERTAIN,,,,cloudflare=MIXED;google=MIXED;quad9=MIXED,,,,,,,,1041,2026-08-27T11:27:05Z
hellaanime.ru,230,04_STILL_UNCERTAIN,DNS_UNCERTAIN,,,,cloudflare=MIXED;google=MIXED;quad9=MIXED,,,,,,,,6762,2026-08-27T11:27:11Z
help-good.ru,231,04_STILL_UNCERTAIN,DNS_UNCERTAIN,,,,cloudflare=MIXED;google=MIXED;quad9=MIXED,,,,,,,,7428,2026-08-27T11:27:12Z
helpmarmot.ru,232,04_STILL_UNCERTAIN,DNS_UNCERTAIN,,,,cloudflare=MIXED;google=MIXED;quad9=MIXED,,,,,,,,1658,2026-08-27T11:27:07Z
hex-bugs.ru,233,04_STILL_UNCERTAIN,DNS_UNCERTAIN,,,,cloudflare=MIXED;google=MIXED;quad9=MIXED,,,,,,,,586,2026-08-27T11:27:07Z
hill8hotel.ru,234,04_STILL_UNCERTAIN,DNS_UNCERTAIN,,,,cloudflare=MIXED;google=MIXED;quad9=MIXED,,,,,,,,502,2026-08-27T11:27:08Z
hookah-dealers.ru,235,04_STILL_UNCERTAIN,DNS_UNCERTAIN,,,,cloudflare=MIXED;google=MIXED;quad9=MIXED,,,,,,,,4432,2026-08-27T11:27:12Z
horecakids.ru,236,04_STILL_UNCERTAIN,DNS_UNCERTAIN,,,,cloudflare=MIXED;google=MIXED;quad9=MIXED,,,,,,,,2744,2026-08-27T11:27:13Z
hotels-centre-spb.ru,237,04_STILL_UNCERTAIN,DNS_UNCERTAIN,,,,cloudflare=MIXED;google=MIXED;quad9=MIXED,,,,,,,,1762,2026-08-27T11:27:13Z
hubshoes.ru,238,04_STILL_UNCERTAIN,DNS_UNCERTAIN,,,,cloudflare=MIXED;google=MIXED;quad9=MIXED,,,,,,,,806,2026-08-27T11:27:13Z
humansenses.ru,239,04_STILL_UNCERTAIN,DNS_UNCERTAIN,,,,cloudflare=MIXED;google=MIXED;quad9=MIXED,,,,,,,,701,2026-08-27T11:27:13Z
i-flashdrive.ru,240,04_STILL_UNCERTAIN,DNS_UNCERTAIN,,,,cloudflare=MIXED;google=MIXED;quad9=MIXED,,,,,,,,1177,2026-08-27T11:27:14Z
if-cis.ru,241,04_STILL_UNCERTAIN,DNS_UNCERTAIN,,,,cloudflare=MIXED;google=MIXED;quad9=MIXED,,,,,,,,1373,2026-08-27T11:27:14Z
ikea-expert.ru,242,04_STILL_UNCERTAIN,DNS_UNCERTAIN,,,,cloudflare=MIXED;google=MIXED;quad9=MIXED,,,,,,,,2867,2026-08-27T11:27:16Z
ilianhostel.ru,243,04_STILL_UNCERTAIN,DNS_UNCERTAIN,,,,cloudflare=MIXED;google=MIXED;quad9=MIXED,,,,,,,,1007,2026-08-27T11:27:14Z
illyssia.ru,244,04_STILL_UNCERTAIN,DNS_UNCERTAIN,,,,cloudflare=MIXED;google=MIXED;quad9=MIXED,,,,,,,,1563,2026-08-27T11:27:15Z
imaginecup.ru,245,04_STILL_UNCERTAIN,DNS_UNCERTAIN,,,,cloudflare=MIXED;google=MIXED;quad9=MIXED,,,,,,,,1540,2026-08-27T11:27:16Z
imei-poisk.ru,246,04_STILL_UNCERTAIN,DNS_UNCERTAIN,,,,cloudflare=MIXED;google=MIXED;quad9=MIXED,,,,,,,,1540,2026-08-27T11:27:16Z
immunoperm.ru,247,04_STILL_UNCERTAIN,DNS_UNCERTAIN,,,,cloudflare=MIXED;google=MIXED;quad9=MIXED,,,,,,,,1176,2026-08-27T11:27:17Z
infobg.ru,248,04_STILL_UNCERTAIN,DNS_UNCERTAIN,,,,cloudflare=MIXED;google=MIXED;quad9=MIXED,,,,,,,,21095,2026-08-27T11:27:37Z
inforepetitor.ru,249,04_STILL_UNCERTAIN,DNS_UNCERTAIN,,,,cloudflare=MIXED;google=MIXED;quad9=MIXED,,,,,,,,1170,2026-08-27T11:27:17Z
inginirium-tmn.ru,250,04_STILL_UNCERTAIN,DNS_UNCERTAIN,,,,cloudflare=MIXED;google=MIXED;quad9=MIXED,,,,,,,,1322,2026-08-27T11:27:17Z
inter-footbal.ru,251,04_STILL_UNCERTAIN,DNS_UNCERTAIN,,,,cloudflare=MIXED;google=MIXED;quad9=MIXED,,,,,,,,17057,2026-08-27T11:27:34Z
iteventsbrn.ru,252,04_STILL_UNCERTAIN,DNS_UNCERTAIN,,,,cloudflare=NODATA;google=NODATA;quad9=NODATA,,,,,,,,2878,2026-08-27T11:27:20Z
itteach.ru,253,04_STILL_UNCERTAIN,DNS_UNCERTAIN,,,,cloudflare=MIXED;google=MIXED;quad9=MIXED,,,,,,,,3936,2026-08-27T11:27:21Z
iurisprudentia.ru,254,04_STILL_UNCERTAIN,DNS_UNCERTAIN,,,,cloudflare=NODATA;google=NODATA;quad9=NODATA,,,,,,,,7835,2026-08-27T11:27:29Z
ivalur.ru,255,04_STILL_UNCERTAIN,DNS_UNCERTAIN,,,,cloudflare=MIXED;google=MIXED;quad9=MIXED,,,,,,,,27018,2026-08-27T11:27:48Z
izramed.ru,256,04_STILL_UNCERTAIN,DNS_UNCERTAIN,,,,cloudflare=MIXED;google=MIXED;quad9=MIXED,,,,,,,,7267,2026-08-27T11:27:36Z
izumovbrands.ru,257,04_STILL_UNCERTAIN,DNS_UNCERTAIN,,,,cloudflare=MIXED;google=MIXED;quad9=MIXED,,,,,,,,1093,2026-08-27T11:27:35Z
jalgyz-narat.ru,258,04_STILL_UNCERTAIN,DNS_UNCERTAIN,,,,cloudflare=NODATA;google=NODATA;quad9=NODATA,,,,,,,,951,2026-08-27T11:27:36Z
jam-bo.ru,259,04_STILL_UNCERTAIN,DNS_UNCERTAIN,,,,cloudflare=MIXED;google=MIXED;quad9=MIXED,,,,,,,,2288,2026-08-27T11:27:38Z
jemchujina42.ru,260,04_STILL_UNCERTAIN,DNS_UNCERTAIN,,,,cloudflare=MIXED;google=MIXED;quad9=MIXED,,,,,,,,1931,2026-08-27T11:27:38Z
jesusreturns.ru,261,04_STILL_UNCERTAIN,DNS_UNCERTAIN,,,,cloudflare=MIXED;google=MIXED;quad9=MIXED,,,,,,,,4003,2026-08-27T11:27:41Z
jur-fact.ru,262,04_STILL_UNCERTAIN,DNS_UNCERTAIN,,,,cloudflare=MIXED;google=MIXED;quad9=MIXED,,,,,,,,2512,2026-08-27T11:27:41Z
k-p-d.ru,263,04_STILL_UNCERTAIN,DNS_UNCERTAIN,,,,cloudflare=MIXED;google=MIXED;quad9=MIXED,,,,,,,,7676,2026-08-27T11:27:46Z
kakayaraznica.ru,264,04_STILL_UNCERTAIN,DNS_UNCERTAIN,,,,cloudflare=MIXED;google=MIXED;quad9=MIXED,,,,,,,,1391,2026-08-27T11:27:42Z
kakdobratsyado.ru,265,04_STILL_UNCERTAIN,DNS_UNCERTAIN,,,,cloudflare=MIXED;google=MIXED;quad9=MIXED,,,,,,,,4335,2026-08-27T11:27:45Z
kakopis.ru,266,04_STILL_UNCERTAIN,DNS_UNCERTAIN,,,,cloudflare=NODATA;google=NODATA;quad9=NODATA,,,,,,,,3491,2026-08-27T11:27:46Z
kaktus55.ru,267,04_STILL_UNCERTAIN,DNS_UNCERTAIN,,,,cloudflare=MIXED;google=MIXED;quad9=MIXED,,,,,,,,719,2026-08-27T11:27:46Z
kapustyanskiy.ru,268,04_STILL_UNCERTAIN,DNS_UNCERTAIN,,,,cloudflare=MIXED;google=MIXED;quad9=MIXED,,,,,,,,1313,2026-08-27T11:27:47Z
karabiha-museum.ru,269,04_STILL_UNCERTAIN,DNS_UNCERTAIN,,,,cloudflare=MIXED;google=MIXED;quad9=MIXED,,,,,,,,1239,2026-08-27T11:27:47Z
karaokemedia.ru,270,04_STILL_UNCERTAIN,DNS_UNCERTAIN,,,,cloudflare=MIXED;google=MIXED;quad9=MIXED,,,,,,,,8272,2026-08-27T11:27:54Z
karasyandra.ru,271,04_STILL_UNCERTAIN,DNS_UNCERTAIN,,,,cloudflare=MIXED;google=MIXED;quad9=MIXED,,,,,,,,982,2026-08-27T11:27:48Z
karkasnyedomapodklyuch.ru,272,04_STILL_UNCERTAIN,DNS_UNCERTAIN,,,,cloudflare=NODATA;google=NODATA;quad9=NODATA,,,,,,,,1448,2026-08-27T11:27:49Z
karniz-ufa.ru,273,04_STILL_UNCERTAIN,DNS_UNCERTAIN,,,,cloudflare=MIXED;google=MIXED;quad9=MIXED,,,,,,,,961,2026-08-27T11:27:49Z
karta-shop.ru,274,04_STILL_UNCERTAIN,DNS_UNCERTAIN,,,,cloudflare=MIXED;google=MIXED;quad9=MIXED,,,,,,,,777,2026-08-27T11:27:49Z
katkivparkah.ru,275,04_STILL_UNCERTAIN,DNS_UNCERTAIN,,,,cloudflare=MIXED;google=MIXED;quad9=MIXED,,,,,,,,735,2026-08-27T11:27:49Z
keratinpro-studio.ru,276,04_STILL_UNCERTAIN,DNS_UNCERTAIN,,,,cloudflare=MIXED;google=MIXED;quad9=MIXED,,,,,,,,768,2026-08-27T11:27:50Z
kerch-otel.ru,277,04_STILL_UNCERTAIN,DNS_UNCERTAIN,,,,cloudflare=MIXED;google=MIXED;quad9=MIXED,,,,,,,,22578,2026-08-27T11:28:12Z
kfpp96.ru,278,04_STILL_UNCERTAIN,DNS_UNCERTAIN,,,,cloudflare=MIXED;google=MIXED;quad9=MIXED,,,,,,,,3407,2026-08-27T11:27:53Z
kgb8.ru,279,04_STILL_UNCERTAIN,DNS_UNCERTAIN,,,,cloudflare=NODATA;google=NODATA;quad9=NODATA,,,,,,,,4050,2026-08-27T11:27:54Z
khab-open.ru,280,04_STILL_UNCERTAIN,DNS_UNCERTAIN,,,,cloudflare=MIXED;google=MIXED;quad9=MIXED,,,,,,,,5971,2026-08-27T11:27:59Z
kids-village.ru,281,04_STILL_UNCERTAIN,DNS_UNCERTAIN,,,,cloudflare=MIXED;google=MIXED;quad9=MIXED,,,,,,,,1398,2026-08-27T11:27:55Z
kik-tuning.ru,282,04_STILL_UNCERTAIN,DNS_UNCERTAIN,,,,cloudflare=MIXED;google=MIXED;quad9=MIXED,,,,,,,,733,2026-08-27T11:27:55Z
kip-mce.ru,283,04_STILL_UNCERTAIN,DNS_UNCERTAIN,,,,cloudflare=MIXED;google=MIXED;quad9=MIXED,,,,,,,,1916,2026-08-27T11:27:57Z
klepiki.ru,284,04_STILL_UNCERTAIN,DNS_UNCERTAIN,,,,cloudflare=NODATA;google=NODATA;quad9=NODATA,,,,,,,,2176,2026-08-27T11:27:57Z
komt31.ru,285,04_STILL_UNCERTAIN,DNS_UNCERTAIN,,,,cloudflare=MIXED;google=MIXED;quad9=MIXED,,,,,,,,1856,2026-08-27T11:27:59Z
konkurs-cosmos.ru,286,04_STILL_UNCERTAIN,DNS_UNCERTAIN,,,,cloudflare=MIXED;google=MIXED;quad9=MIXED,,,,,,,,18559,2026-08-27T11:28:16Z
korablik86.ru,287,04_STILL_UNCERTAIN,DNS_UNCERTAIN,,,,cloudflare=MIXED;google=MIXED;quad9=MIXED,,,,,,,,738,2026-08-27T11:28:00Z
krdgp1.ru,288,04_STILL_UNCERTAIN,DNS_UNCERTAIN,,,,cloudflare=MIXED;google=MIXED;quad9=MIXED,,,,,,,,5530,2026-08-27T11:28:04Z
kronapark.ru,289,04_STILL_UNCERTAIN,DNS_UNCERTAIN,,,,cloudflare=MIXED;google=MIXED;quad9=MIXED,,,,,,,,12569,2026-08-27T11:28:12Z
kseniyapomogi.ru,290,04_STILL_UNCERTAIN,DNS_UNCERTAIN,,,,cloudflare=MIXED;google=MIXED;quad9=MIXED,,,,,,,,28239,2026-08-27T11:28:33Z
kseny-kott.ru,291,04_STILL_UNCERTAIN,DNS_UNCERTAIN,,,,cloudflare=MIXED;google=MIXED;quad9=MIXED,,,,,,,,1403,2026-08-27T11:28:13Z
ktinform.ru,292,04_STILL_UNCERTAIN,DNS_UNCERTAIN,,,,cloudflare=MIXED;google=MIXED;quad9=MIXED,,,,,,,,1436,2026-08-27T11:28:14Z
ktvm-spb.ru,293,04_STILL_UNCERTAIN,DNS_UNCERTAIN,,,,cloudflare=MIXED;google=MIXED;quad9=MIXED,,,,,,,,25365,2026-08-27T11:28:38Z
kuhnov.ru,294,04_STILL_UNCERTAIN,DNS_UNCERTAIN,,,,cloudflare=NODATA;google=NODATA;quad9=NODATA,,,,,,,,2498,2026-08-27T11:28:16Z
kupi-sumki.ru,295,04_STILL_UNCERTAIN,DNS_UNCERTAIN,,,,cloudflare=MIXED;google=MIXED;quad9=MIXED,,,,,,,,2915,2026-08-27T11:28:19Z
kupimzip.ru,296,04_STILL_UNCERTAIN,DNS_UNCERTAIN,,,,cloudflare=MIXED;google=MIXED;quad9=MIXED,,,,,,,,1051,2026-08-27T11:28:17Z
kurinfo.ru,297,04_STILL_UNCERTAIN,DNS_UNCERTAIN,,,,cloudflare=MIXED;google=MIXED;quad9=MIXED,,,,,,,,1573,2026-08-27T11:28:19Z
lacost.su,298,04_STILL_UNCERTAIN,DNS_UNCERTAIN,,,,cloudflare=MIXED;google=MIXED;quad9=MIXED,,,,,,,,2653,2026-08-27T11:28:21Z
lady-caramel.ru,299,04_STILL_UNCERTAIN,DNS_UNCERTAIN,,,,cloudflare=MIXED;google=MIXED;quad9=MIXED,,,,,,,,841,2026-08-27T11:28:20Z
lamoore.ru,300,04_STILL_UNCERTAIN,DNS_UNCERTAIN,,,,cloudflare=MIXED;google=MIXED;quad9=MIXED,,,,,,,,8136,2026-08-27T11:28:28Z
law-konsul.ru,301,04_STILL_UNCERTAIN,DNS_UNCERTAIN,,,,cloudflare=MIXED;google=MIXED;quad9=MIXED,,,,,,,,10204,2026-08-27T11:28:32Z
lawyertop.ru,302,04_STILL_UNCERTAIN,DNS_UNCERTAIN,,,,cloudflare=MIXED;google=MIXED;quad9=MIXED,,,,,,,,30033,2026-08-27T11:28:58Z
lcschool.ru,303,04_STILL_UNCERTAIN,DNS_UNCERTAIN,,,,cloudflare=MIXED;google=MIXED;quad9=MIXED,,,,,,,,3165,2026-08-27T11:28:35Z
lednikfest.ru,304,04_STILL_UNCERTAIN,DNS_UNCERTAIN,,,,cloudflare=MIXED;google=MIXED;quad9=MIXED,,,,,,,,1131,2026-08-27T11:28:35Z
levelslook.ru,305,04_STILL_UNCERTAIN,DNS_UNCERTAIN,,,,cloudflare=MIXED;google=MIXED;quad9=MIXED,,,,,,,,1031,2026-08-27T11:28:36Z
lisenok73.ru,306,04_STILL_UNCERTAIN,DNS_UNCERTAIN,,,,cloudflare=MIXED;google=MIXED;quad9=MIXED,,,,,,,,1148,2026-08-27T11:28:36Z
liskimusey.ru,307,04_STILL_UNCERTAIN,DNS_UNCERTAIN,,,,cloudflare=MIXED;google=MIXED;quad9=MIXED,,,,,,,,763,2026-08-27T11:28:37Z
lovikino.ru,308,04_STILL_UNCERTAIN,DNS_UNCERTAIN,,,,cloudflare=MIXED;google=MIXED;quad9=MIXED,,,,,,,,17119,2026-08-27T11:28:53Z
lssc-rt.ru,309,04_STILL_UNCERTAIN,DNS_UNCERTAIN,,,,cloudflare=MIXED;google=MIXED;quad9=MIXED,,,,,,,,1560,2026-08-27T11:28:38Z
lyceum45.ru,310,04_STILL_UNCERTAIN,DNS_UNCERTAIN,,,,cloudflare=NODATA;google=NODATA;quad9=NODATA,,,,,,,,850,2026-08-27T11:28:39Z
m-enabling.ru,311,04_STILL_UNCERTAIN,DNS_UNCERTAIN,,,,cloudflare=MIXED;google=MIXED;quad9=MIXED,,,,,,,,1457,2026-08-27T11:28:40Z
maconikazan.ru,312,04_STILL_UNCERTAIN,DNS_UNCERTAIN,,,,cloudflare=MIXED;google=MIXED;quad9=MIXED,,,,,,,,1785,2026-08-27T11:28:41Z
madou16prk.ru,313,04_STILL_UNCERTAIN,DNS_UNCERTAIN,,,,cloudflare=MIXED;google=MIXED;quad9=MIXED,,,,,,,,1241,2026-08-27T11:28:41Z
madourodnichok.ru,314,04_STILL_UNCERTAIN,DNS_UNCERTAIN,,,,cloudflare=MIXED;google=MIXED;quad9=MIXED,,,,,,,,1021,2026-08-27T11:28:42Z
marchukov-school.ru,315,04_STILL_UNCERTAIN,DNS_UNCERTAIN,,,,cloudflare=MIXED;google=MIXED;quad9=MIXED,,,,,,,,972,2026-08-27T11:28:42Z
marketkroi.ru,316,04_STILL_UNCERTAIN,DNS_UNCERTAIN,,,,cloudflare=NODATA;google=NODATA;quad9=NODATA,,,,,,,,1315,2026-08-27T11:28:43Z
maryatex.ru,317,04_STILL_UNCERTAIN,DNS_UNCERTAIN,,,,cloudflare=MIXED;google=MIXED;quad9=MIXED,,,,,,,,4769,2026-08-27T11:28:47Z
master-pab.ru,318,04_STILL_UNCERTAIN,DNS_UNCERTAIN,,,,cloudflare=MIXED;google=MIXED;quad9=MIXED,,,,,,,,9796,2026-08-27T11:28:53Z
matrasec.ru,319,04_STILL_UNCERTAIN,DNS_UNCERTAIN,,,,cloudflare=MIXED;google=MIXED;quad9=MIXED,,,,,,,,6478,2026-08-27T11:28:53Z
mayakonline.ru,320,04_STILL_UNCERTAIN,DNS_UNCERTAIN,,,,cloudflare=MIXED;google=MIXED;quad9=MIXED,,,,,,,,3301,2026-08-27T11:28:56Z
mayalazarenskaya.ru,321,04_STILL_UNCERTAIN,DNS_UNCERTAIN,,,,cloudflare=MIXED;google=MIXED;quad9=MIXED,,,,,,,,1008,2026-08-27T11:28:54Z
mbdou126.ru,322,04_STILL_UNCERTAIN,DNS_UNCERTAIN,,,,cloudflare=MIXED;google=MIXED;quad9=MIXED,,,,,,,,1056,2026-08-27T11:28:54Z
mbhomes.ru,323,04_STILL_UNCERTAIN,DNS_UNCERTAIN,,,,cloudflare=MIXED;google=MIXED;quad9=MIXED,,,,,,,,3724,2026-08-27T11:28:58Z
mcuzakamna.ru,324,04_STILL_UNCERTAIN,DNS_UNCERTAIN,,,,cloudflare=NODATA;google=NODATA;quad9=NODATA,,,,,,,,735,2026-08-27T11:28:55Z
med-199.ru,325,04_STILL_UNCERTAIN,DNS_UNCERTAIN,,,,cloudflare=MIXED;google=MIXED;quad9=MIXED,,,,,,,,4294,2026-08-27T11:29:00Z
medcek-sokolniki.ru,326,04_STILL_UNCERTAIN,DNS_UNCERTAIN,,,,cloudflare=MIXED;google=MIXED;quad9=MIXED,,,,,,,,1692,2026-08-27T11:28:58Z
medusdent.ru,327,04_STILL_UNCERTAIN,DNS_UNCERTAIN,,,,cloudflare=MIXED;google=MIXED;quad9=MIXED,,,,,,,,1531,2026-08-27T11:28:59Z
medzdravservis.ru,328,04_STILL_UNCERTAIN,DNS_UNCERTAIN,,,,cloudflare=MIXED;google=MIXED;quad9=MIXED,,,,,,,,1632,2026-08-27T11:29:00Z
megalazertag.ru,329,04_STILL_UNCERTAIN,DNS_UNCERTAIN,,,,cloudflare=MIXED;google=MIXED;quad9=MIXED,,,,,,,,1596,2026-08-27T11:29:00Z
mekogroup.ru,330,04_STILL_UNCERTAIN,DNS_UNCERTAIN,,,,cloudflare=MIXED;google=MIXED;quad9=MIXED,,,,,,,,2024,2026-08-27T11:29:01Z
mescheradom.ru,331,04_STILL_UNCERTAIN,DNS_UNCERTAIN,,,,cloudflare=MIXED;google=MIXED;quad9=MIXED,,,,,,,,1021,2026-08-27T11:29:01Z
mespedkol.ru,332,04_STILL_UNCERTAIN,DNS_UNCERTAIN,,,,cloudflare=NODATA;google=NODATA;quad9=NODATA,,,,,,,,1097,2026-08-27T11:29:01Z
mgutu-kld.ru,333,04_STILL_UNCERTAIN,DNS_UNCERTAIN,,,,cloudflare=MIXED;google=MIXED;quad9=MIXED,,,,,,,,890,2026-08-27T11:29:01Z
mi-linda.ru,334,04_STILL_UNCERTAIN,DNS_UNCERTAIN,,,,cloudflare=MIXED;google=MIXED;quad9=MIXED,,,,,,,,810,2026-08-27T11:29:01Z
migspb98.ru,335,04_STILL_UNCERTAIN,DNS_UNCERTAIN,,,,cloudflare=MIXED;google=MIXED;quad9=MIXED,,,,,,,,990,2026-08-27T11:29:02Z
mintur04.ru,336,04_STILL_UNCERTAIN,DNS_UNCERTAIN,,,,cloudflare=MIXED;google=MIXED;quad9=MIXED,,,,,,,,768,2026-08-27T11:29:02Z
minusa-school12.ru,337,04_STILL_UNCERTAIN,DNS_UNCERTAIN,,,,cloudflare=MIXED;google=MIXED;quad9=MIXED,,,,,,,,20566,2026-08-27T11:29:22Z
mirbuterbrodov.ru,338,04_STILL_UNCERTAIN,DNS_UNCERTAIN,,,,cloudflare=MIXED;google=MIXED;quad9=MIXED,,,,,,,,1090,2026-08-27T11:29:02Z
mirig.ru,339,04_STILL_UNCERTAIN,DNS_UNCERTAIN,,,,cloudflare=MIXED;google=MIXED;quad9=MIXED,,,,,,,,1263,2026-08-27T11:29:03Z
mirkmf.ru,340,03_NXDOMAIN_DEAD,NXDOMAIN_CONFIRMED,,,,cloudflare=NXDOMAIN;google=NXDOMAIN;quad9=NXDOMAIN,,,,,,,,551,2026-08-27T11:29:02Z
mobu-lider.ru,341,04_STILL_UNCERTAIN,DNS_UNCERTAIN,,,,cloudflare=MIXED;google=MIXED;quad9=MIXED,,,,,,,,1553,2026-08-27T11:29:04Z
modivnoe.ru,342,04_STILL_UNCERTAIN,DNS_UNCERTAIN,,,,cloudflare=NODATA;google=NODATA;quad9=NODATA,,,,,,,,1396,2026-08-27T11:29:04Z
moibiz56.ru,343,04_STILL_UNCERTAIN,DNS_UNCERTAIN,,,,cloudflare=MIXED;google=MIXED;quad9=MIXED,,,,,,,,1279,2026-08-27T11:29:04Z
monacopizza.ru,344,04_STILL_UNCERTAIN,DNS_UNCERTAIN,,,,cloudflare=MIXED;google=MIXED;quad9=MIXED,,,,,,,,1286,2026-08-27T11:29:05Z
mondo-pietra.ru,345,04_STILL_UNCERTAIN,DNS_UNCERTAIN,,,,cloudflare=MIXED;google=MIXED;quad9=MIXED,,,,,,,,1527,2026-08-27T11:29:05Z
moschistka.ru,346,04_STILL_UNCERTAIN,DNS_UNCERTAIN,,,,cloudflare=NODATA;google=NODATA;quad9=NODATA,,,,,,,,1856,2026-08-27T11:29:06Z
moscowakb.ru,347,04_STILL_UNCERTAIN,DNS_UNCERTAIN,,,,cloudflare=NODATA;google=NODATA;quad9=NODATA,,,,,,,,1095,2026-08-27T11:29:06Z
moscowstud.ru,348,04_STILL_UNCERTAIN,DNS_UNCERTAIN,,,,cloudflare=MIXED;google=MIXED;quad9=MIXED,,,,,,,,1143,2026-08-27T11:29:07Z
mosecodez.ru,349,04_STILL_UNCERTAIN,DNS_UNCERTAIN,,,,cloudflare=NODATA;google=NODATA;quad9=NODATA,,,,,,,,1333,2026-08-27T11:29:07Z
moskitka72.ru,350,04_STILL_UNCERTAIN,DNS_UNCERTAIN,,,,cloudflare=MIXED;google=MIXED;quad9=MIXED,,,,,,,,1344,2026-08-27T11:29:08Z
mosremontnik.ru,351,04_STILL_UNCERTAIN,DNS_UNCERTAIN,,,,cloudflare=MIXED;google=MIXED;quad9=MIXED,,,,,,,,1507,2026-08-27T11:29:08Z
mouayanka.ru,352,04_STILL_UNCERTAIN,DNS_UNCERTAIN,,,,cloudflare=NODATA;google=NODATA;quad9=NODATA,,,,,,,,4111,2026-08-27T11:29:11Z
moy-kover.ru,353,04_STILL_UNCERTAIN,DNS_UNCERTAIN,,,,cloudflare=MIXED;google=MIXED;quad9=MIXED,,,,,,,,2621,2026-08-27T11:29:10Z
mozhga-rb.ru,354,04_STILL_UNCERTAIN,DNS_UNCERTAIN,,,,cloudflare=MIXED;google=MIXED;quad9=MIXED,,,,,,,,1009,2026-08-27T11:29:10Z
mpsfond.ru,355,04_STILL_UNCERTAIN,DNS_UNCERTAIN,,,,cloudflare=NODATA;google=NODATA;quad9=NODATA,,,,,,,,6334,2026-08-27T11:29:16Z
mrkod.ru,356,04_STILL_UNCERTAIN,DNS_UNCERTAIN,,,,cloudflare=MIXED;google=MIXED;quad9=MIXED,,,,,,,,977,2026-08-27T11:29:11Z
mrt-d.ru,357,04_STILL_UNCERTAIN,DNS_UNCERTAIN,,,,cloudflare=MIXED;google=MIXED;quad9=MIXED,,,,,,,,513,2026-08-27T11:29:12Z
msch2.ru,358,04_STILL_UNCERTAIN,DNS_UNCERTAIN,,,,cloudflare=MIXED;google=MIXED;quad9=MIXED,,,,,,,,4108,2026-08-27T11:29:16Z
mshow.ru,359,04_STILL_UNCERTAIN,DNS_UNCERTAIN,,,,cloudflare=MIXED;google=MIXED;quad9=MIXED,,,,,,,,8005,2026-08-27T11:29:20Z
murdetpol5.ru,360,04_STILL_UNCERTAIN,DNS_UNCERTAIN,,,,cloudflare=NODATA;google=NODATA;quad9=NODATA,,,,,,,,1448,2026-08-27T11:29:17Z
musbooks.ru,361,04_STILL_UNCERTAIN,DNS_UNCERTAIN,,,,cloudflare=MIXED;google=MIXED;quad9=MIXED,,,,,,,,705,2026-08-27T11:29:17Z
my-barbie.ru,362,04_STILL_UNCERTAIN,DNS_UNCERTAIN,,,,cloudflare=NODATA;google=NODATA;quad9=NODATA,,,,,,,,1270,2026-08-27T11:29:18Z
mycoon.ru,363,04_STILL_UNCERTAIN,DNS_UNCERTAIN,,,,cloudflare=MIXED;google=MIXED;quad9=MIXED,,,,,,,,2150,2026-08-27T11:29:19Z
mylnayackazka.ru,364,04_STILL_UNCERTAIN,DNS_UNCERTAIN,,,,cloudflare=MIXED;google=MIXED;quad9=MIXED,,,,,,,,1631,2026-08-27T11:29:20Z
myschool36.ru,365,04_STILL_UNCERTAIN,DNS_UNCERTAIN,,,,cloudflare=MIXED;google=MIXED;quad9=MIXED,,,,,,,,605,2026-08-27T11:29:20Z
myzdorov.ru,366,04_STILL_UNCERTAIN,DNS_UNCERTAIN,,,,cloudflare=MIXED;google=MIXED;quad9=MIXED,,,,,,,,4100,2026-08-27T11:29:24Z
nadachedom.ru,367,04_STILL_UNCERTAIN,DNS_UNCERTAIN,,,,cloudflare=MIXED;google=MIXED;quad9=MIXED,,,,,,,,819,2026-08-27T11:29:21Z
nailartfashion.ru,368,04_STILL_UNCERTAIN,DNS_UNCERTAIN,,,,cloudflare=MIXED;google=MIXED;quad9=MIXED,,,,,,,,1041,2026-08-27T11:29:21Z
narodmebel-opt.ru,369,04_STILL_UNCERTAIN,DNS_UNCERTAIN,,,,cloudflare=NODATA;google=NODATA;quad9=NODATA,,,,,,,,1182,2026-08-27T11:29:22Z
nast-tennis.ru,370,04_STILL_UNCERTAIN,DNS_UNCERTAIN,,,,cloudflare=MIXED;google=MIXED;quad9=MIXED,,,,,,,,502,2026-08-27T11:29:22Z
natalia-sokolovskaya.ru,371,04_STILL_UNCERTAIN,DNS_UNCERTAIN,,,,cloudflare=MIXED;google=MIXED;quad9=MIXED,,,,,,,,1164,2026-08-27T11:29:23Z
nauchi66.ru,372,04_STILL_UNCERTAIN,DNS_UNCERTAIN,,,,cloudflare=MIXED;google=MIXED;quad9=MIXED,,,,,,,,1148,2026-08-27T11:29:23Z
nbpiter.ru,373,04_STILL_UNCERTAIN,DNS_UNCERTAIN,,,,cloudflare=MIXED;google=MIXED;quad9=MIXED,,,,,,,,1079,2026-08-27T11:29:23Z
ndecosystems.ru,374,04_STILL_UNCERTAIN,DNS_UNCERTAIN,,,,cloudflare=MIXED;google=MIXED;quad9=MIXED,,,,,,,,898,2026-08-27T11:29:24Z
nedouchet16.ru,375,04_STILL_UNCERTAIN,DNS_UNCERTAIN,,,,cloudflare=MIXED;google=MIXED;quad9=MIXED,,,,,,,,15861,2026-08-27T11:29:39Z
nerpakayak.ru,376,04_STILL_UNCERTAIN,DNS_UNCERTAIN,,,,cloudflare=MIXED;google=MIXED;quad9=MIXED,,,,,,,,1231,2026-08-27T11:29:24Z
newsvideo.su,377,04_STILL_UNCERTAIN,DNS_UNCERTAIN,,,,cloudflare=MIXED;google=MIXED;quad9=MIXED,,,,,,,,1282,2026-08-27T11:29:25Z
nggazeta.ru,378,04_STILL_UNCERTAIN,DNS_UNCERTAIN,,,,cloudflare=MIXED;google=MIXED;quad9=MIXED,,,,,,,,8616,2026-08-27T11:29:33Z
nicenailssalon.ru,379,04_STILL_UNCERTAIN,DNS_UNCERTAIN,,,,cloudflare=MIXED;google=MIXED;quad9=MIXED,,,,,,,,1710,2026-08-27T11:29:26Z
nikolapomogi.ru,380,04_STILL_UNCERTAIN,DNS_UNCERTAIN,,,,cloudflare=MIXED;google=MIXED;quad9=ERROR,,,,,,,,24825,2026-08-27T11:29:50Z
nk-met.ru,381,04_STILL_UNCERTAIN,DNS_UNCERTAIN,,,,cloudflare=MIXED;google=MIXED;quad9=MIXED,,,,,,,,6243,2026-08-27T11:29:32Z
nostalgy-books.ru,382,04_STILL_UNCERTAIN,DNS_UNCERTAIN,,,,cloudflare=MIXED;google=MIXED;quad9=MIXED,,,,,,,,859,2026-08-27T11:29:33Z
notion-konsalt.ru,383,04_STILL_UNCERTAIN,DNS_UNCERTAIN,,,,cloudflare=MIXED;google=MIXED;quad9=MIXED,,,,,,,,875,2026-08-27T11:29:34Z
nova-tomsk.ru,384,04_STILL_UNCERTAIN,DNS_UNCERTAIN,,,,cloudflare=MIXED;google=MIXED;quad9=MIXED,,,,,,,,1046,2026-08-27T11:29:34Z
novgochs.ru,385,04_STILL_UNCERTAIN,DNS_UNCERTAIN,,,,cloudflare=NODATA;google=NODATA;quad9=NODATA,,,,,,,,767,2026-08-27T11:29:34Z
novokuzneck.dymim.ru,386,04_STILL_UNCERTAIN,DNS_UNCERTAIN,,,,cloudflare=MIXED;google=MIXED;quad9=MIXED,,,,,,,,8709,2026-08-27T11:29:43Z
ns-care.ru,387,04_STILL_UNCERTAIN,DNS_UNCERTAIN,,,,cloudflare=MIXED;google=MIXED;quad9=MIXED,,,,,,,,1443,2026-08-27T11:29:36Z
nselpasino.ru,388,04_STILL_UNCERTAIN,DNS_UNCERTAIN,,,,cloudflare=MIXED;google=MIXED;quad9=MIXED,,,,,,,,7631,2026-08-27T11:29:44Z
nskenergo.ru,389,04_STILL_UNCERTAIN,DNS_UNCERTAIN,,,,cloudflare=NODATA;google=NODATA;quad9=NODATA,,,,,,,,30817,2026-08-27T11:30:10Z
nsrestoran.ru,390,04_STILL_UNCERTAIN,DNS_UNCERTAIN,,,,cloudflare=MIXED;google=MIXED;quad9=MIXED,,,,,,,,1445,2026-08-27T11:29:44Z
nwtomsk.ru,391,04_STILL_UNCERTAIN,DNS_UNCERTAIN,,,,cloudflare=MIXED;google=MIXED;quad9=MIXED,,,,,,,,1045,2026-08-27T11:29:45Z
oao-tmz.ru,392,04_STILL_UNCERTAIN,DNS_UNCERTAIN,,,,cloudflare=MIXED;google=MIXED;quad9=MIXED,,,,,,,,19856,2026-08-27T11:30:04Z
obrazovanie46.ru,393,04_STILL_UNCERTAIN,DNS_UNCERTAIN,,,,cloudflare=MIXED;google=MIXED;quad9=MIXED,,,,,,,,3836,2026-08-27T11:29:49Z
october29.ru,394,04_STILL_UNCERTAIN,DNS_UNCERTAIN,,,,cloudflare=NODATA;google=NODATA;quad9=NODATA,,,,,,,,547,2026-08-27T11:29:49Z
ogbu-sbbzh.ru,395,04_STILL_UNCERTAIN,DNS_UNCERTAIN,,,,cloudflare=MIXED;google=MIXED;quad9=MIXED,,,,,,,,619,2026-08-27T11:29:50Z
ohpizza.ru,396,04_STILL_UNCERTAIN,DNS_UNCERTAIN,,,,cloudflare=MIXED;google=MIXED;quad9=MIXED,,,,,,,,820,2026-08-27T11:29:51Z
okdokspb.ru,397,04_STILL_UNCERTAIN,DNS_UNCERTAIN,,,,cloudflare=MIXED;google=MIXED;quad9=MIXED,,,,,,,,8485,2026-08-27T11:29:58Z
okisushi.ru,398,04_STILL_UNCERTAIN,DNS_UNCERTAIN,,,,cloudflare=MIXED;google=MIXED;quad9=MIXED,,,,,,,,7922,2026-08-27T11:29:59Z
olgakamornik.ru,399,04_STILL_UNCERTAIN,DNS_UNCERTAIN,,,,cloudflare=MIXED;google=MIXED;quad9=MIXED,,,,,,,,1044,2026-08-27T11:29:59Z
omsk-opros.ru,400,04_STILL_UNCERTAIN,DNS_UNCERTAIN,,,,cloudflare=MIXED;google=MIXED;quad9=MIXED,,,,,,,,1167,2026-08-27T11:30:00Z
on-hit.ru,401,04_STILL_UNCERTAIN,DNS_UNCERTAIN,,,,cloudflare=MIXED;google=MIXED;quad9=MIXED,,,,,,,,1214,2026-08-27T11:30:01Z
ooo-piramidka1.ru,402,04_STILL_UNCERTAIN,DNS_UNCERTAIN,,,,cloudflare=MIXED;google=MIXED;quad9=MIXED,,,,,,,,1261,2026-08-27T11:30:01Z
ooopromat.ru,403,04_STILL_UNCERTAIN,DNS_UNCERTAIN,,,,cloudflare=MIXED;google=MIXED;quad9=MIXED,,,,,,,,3356,2026-08-27T11:30:04Z
open-closed.ru,404,04_STILL_UNCERTAIN,DNS_UNCERTAIN,,,,cloudflare=MIXED;google=MIXED;quad9=MIXED,,,,,,,,28789,2026-08-27T11:30:32Z
opt-ion.ru,405,04_STILL_UNCERTAIN,DNS_UNCERTAIN,,,,cloudflare=MIXED;google=MIXED;quad9=MIXED,,,,,,,,1360,2026-08-27T11:30:05Z
orennti.ru,406,04_STILL_UNCERTAIN,DNS_UNCERTAIN,,,,cloudflare=NODATA;google=NODATA;quad9=NODATA,,,,,,,,1218,2026-08-27T11:30:06Z
origafik.ru,407,04_STILL_UNCERTAIN,DNS_UNCERTAIN,,,,cloudflare=MIXED;google=MIXED;quad9=MIXED,,,,,,,,802,2026-08-27T11:30:06Z
origin-style.ru,408,04_STILL_UNCERTAIN,DNS_UNCERTAIN,,,,cloudflare=MIXED;google=MIXED;quad9=MIXED,,,,,,,,690,2026-08-27T11:30:06Z
orskedu.ru,409,04_STILL_UNCERTAIN,DNS_UNCERTAIN,,,,cloudflare=MIXED;google=MIXED;quad9=MIXED,,,,,,,,908,2026-08-27T11:30:07Z
ostankino24.ru,410,04_STILL_UNCERTAIN,DNS_UNCERTAIN,,,,cloudflare=MIXED;google=MIXED;quad9=MIXED,,,,,,,,961,2026-08-27T11:30:07Z
ostrovskoe.ru,411,04_STILL_UNCERTAIN,DNS_UNCERTAIN,,,,cloudflare=MIXED;google=MIXED;quad9=MIXED,,,,,,,,16482,2026-08-27T11:30:24Z
otvet-est.ru,412,04_STILL_UNCERTAIN,DNS_UNCERTAIN,,,,cloudflare=MIXED;google=MIXED;quad9=MIXED,,,,,,,,1796,2026-08-27T11:30:09Z
pagandom.ru,413,04_STILL_UNCERTAIN,DNS_UNCERTAIN,,,,cloudflare=MIXED;google=MIXED;quad9=MIXED,,,,,,,,11664,2026-08-27T11:30:21Z
palto-avrora.ru,414,04_STILL_UNCERTAIN,DNS_UNCERTAIN,,,,cloudflare=MIXED;google=MIXED;quad9=MIXED,,,,,,,,1723,2026-08-27T11:30:12Z
paraworld.ru,415,04_STILL_UNCERTAIN,DNS_UNCERTAIN,,,,cloudflare=NODATA;google=NODATA;quad9=NODATA,,,,,,,,12946,2026-08-27T11:30:24Z
parts-shop.ru,416,04_STILL_UNCERTAIN,DNS_UNCERTAIN,,,,cloudflare=MIXED;google=MIXED;quad9=MIXED,,,,,,,,4177,2026-08-27T11:30:25Z
partyhair.ru,417,04_STILL_UNCERTAIN,DNS_UNCERTAIN,,,,cloudflare=NODATA;google=NODATA;quad9=NODATA,,,,,,,,1899,2026-08-27T11:30:25Z
pchelovodka.ru,418,04_STILL_UNCERTAIN,DNS_UNCERTAIN,,,,cloudflare=MIXED;google=MIXED;quad9=MIXED,,,,,,,,702,2026-08-27T11:30:25Z
peredkiadm.ru,419,04_STILL_UNCERTAIN,DNS_UNCERTAIN,,,,cloudflare=MIXED;google=MIXED;quad9=MIXED,,,,,,,,899,2026-08-27T11:30:26Z
pererabottle.ru,420,04_STILL_UNCERTAIN,DNS_UNCERTAIN,,,,cloudflare=MIXED;google=MIXED;quad9=MIXED,,,,,,,,927,2026-08-27T11:30:26Z
permeparhia.ru,421,04_STILL_UNCERTAIN,DNS_UNCERTAIN,,,,cloudflare=MIXED;google=MIXED;quad9=MIXED,,,,,,,,1020,2026-08-27T11:30:26Z
peter-s.ru,422,04_STILL_UNCERTAIN,DNS_UNCERTAIN,,,,cloudflare=MIXED;google=MIXED;quad9=MIXED,,,,,,,,1445,2026-08-27T11:30:27Z
pishempodcast.ru,423,04_STILL_UNCERTAIN,DNS_UNCERTAIN,,,,cloudflare=MIXED;google=MIXED;quad9=MIXED,,,,,,,,1644,2026-08-27T11:30:28Z
pitbuh.ru,424,04_STILL_UNCERTAIN,DNS_UNCERTAIN,,,,cloudflare=MIXED;google=MIXED;quad9=MIXED,,,,,,,,6329,2026-08-27T11:30:33Z
pl4y.ru,425,04_STILL_UNCERTAIN,DNS_UNCERTAIN,,,,cloudflare=MIXED;google=MIXED;quad9=MIXED,,,,,,,,1521,2026-08-27T11:30:29Z
planetazdorovya-kya.ru,426,04_STILL_UNCERTAIN,DNS_UNCERTAIN,,,,cloudflare=MIXED;google=MIXED;quad9=MIXED,,,,,,,,6390,2026-08-27T11:30:34Z
podcastrus.ru,427,04_STILL_UNCERTAIN,DNS_UNCERTAIN,,,,cloudflare=MIXED;google=MIXED;quad9=MIXED,,,,,,,,868,2026-08-27T11:30:30Z
policl3.ru,428,04_STILL_UNCERTAIN,DNS_UNCERTAIN,,,,cloudflare=MIXED;google=MIXED;quad9=MIXED,,,,,,,,3225,2026-08-27T11:30:33Z
politictoday.ru,429,04_STILL_UNCERTAIN,DNS_UNCERTAIN,,,,cloudflare=MIXED;google=MIXED;quad9=MIXED,,,,,,,,2042,2026-08-27T11:30:34Z
positive-adopt.ru,430,04_STILL_UNCERTAIN,DNS_UNCERTAIN,,,,cloudflare=MIXED;google=MIXED;quad9=MIXED,,,,,,,,998,2026-08-27T11:30:34Z
postoronnye.ru,431,04_STILL_UNCERTAIN,DNS_UNCERTAIN,,,,cloudflare=MIXED;google=MIXED;quad9=MIXED,,,,,,,,1006,2026-08-27T11:30:34Z
pozdrav-best.ru,432,04_STILL_UNCERTAIN,DNS_UNCERTAIN,,,,cloudflare=MIXED;google=MIXED;quad9=MIXED,,,,,,,,892,2026-08-27T11:30:35Z
present-on-don.ru,433,04_STILL_UNCERTAIN,DNS_UNCERTAIN,,,,cloudflare=MIXED;google=MIXED;quad9=MIXED,,,,,,,,1193,2026-08-27T11:30:35Z
prigorodspb.ru,434,04_STILL_UNCERTAIN,DNS_UNCERTAIN,,,,cloudflare=MIXED;google=MIXED;quad9=MIXED,,,,,,,,25283,2026-08-27T11:30:59Z
pro-imbir.ru,435,04_STILL_UNCERTAIN,DNS_UNCERTAIN,,,,cloudflare=MIXED;google=MIXED;quad9=MIXED,,,,,,,,1602,2026-08-27T11:30:36Z
pro-mnogoe.ru,436,03_NXDOMAIN_DEAD,NXDOMAIN_CONFIRMED,,,,cloudflare=NXDOMAIN;google=NXDOMAIN;quad9=NXDOMAIN,,,,,,,,658,2026-08-27T11:30:35Z
pro-wcc-school.ru,437,04_STILL_UNCERTAIN,DNS_UNCERTAIN,,,,cloudflare=NODATA;google=NODATA;quad9=NODATA,,,,,,,,2121,2026-08-27T11:30:37Z
pro.janeza.ru,438,04_STILL_UNCERTAIN,DNS_UNCERTAIN,,,,cloudflare=MIXED;google=MIXED;quad9=MIXED,,,,,,,,1755,2026-08-27T11:30:37Z
producerbocharova.ru,439,04_STILL_UNCERTAIN,DNS_UNCERTAIN,,,,cloudflare=MIXED;google=MIXED;quad9=MIXED,,,,,,,,1366,2026-08-27T11:30:37Z
produktaltai.ru,440,04_STILL_UNCERTAIN,DNS_UNCERTAIN,,,,cloudflare=MIXED;google=MIXED;quad9=MIXED,,,,,,,,858,2026-08-27T11:30:38Z
prodvizhenie-saitow.ru,441,04_STILL_UNCERTAIN,DNS_UNCERTAIN,,,,cloudflare=MIXED;google=MIXED;quad9=MIXED,,,,,,,,926,2026-08-27T11:30:38Z
prof102.ru,442,04_STILL_UNCERTAIN,DNS_UNCERTAIN,,,,cloudflare=MIXED;google=MIXED;quad9=MIXED,,,,,,,,868,2026-08-27T11:30:38Z
proffpuree.ru,443,04_STILL_UNCERTAIN,DNS_UNCERTAIN,,,,cloudflare=MIXED;google=MIXED;quad9=MIXED,,,,,,,,1182,2026-08-27T11:30:39Z
profountain.ru,444,04_STILL_UNCERTAIN,DNS_UNCERTAIN,,,,cloudflare=MIXED;google=MIXED;quad9=MIXED,,,,,,,,1283,2026-08-27T11:30:39Z
profstile.ru,445,04_STILL_UNCERTAIN,DNS_UNCERTAIN,,,,cloudflare=NODATA;google=NODATA;quad9=NODATA,,,,,,,,2065,2026-08-27T11:30:40Z
prosofest.ru,446,04_STILL_UNCERTAIN,DNS_UNCERTAIN,,,,cloudflare=MIXED;google=MIXED;quad9=MIXED,,,,,,,,1390,2026-08-27T11:30:41Z
psvideo.ru,447,04_STILL_UNCERTAIN,DNS_UNCERTAIN,,,,cloudflare=NODATA;google=NODATA;quad9=NODATA,,,,,,,,3156,2026-08-27T11:30:42Z
psyoffice.ru,448,04_STILL_UNCERTAIN,DNS_UNCERTAIN,,,,cloudflare=MIXED;google=MIXED;quad9=MIXED,,,,,,,,5640,2026-08-27T11:30:46Z
ptr.watchparadise1.su,449,04_STILL_UNCERTAIN,DNS_UNCERTAIN,,,,cloudflare=MIXED;google=MIXED;quad9=MIXED,,,,,,,,24811,2026-08-27T11:31:05Z
pugachevsky.ru,450,04_STILL_UNCERTAIN,DNS_UNCERTAIN,,,,cloudflare=MIXED;google=MIXED;quad9=MIXED,,,,,,,,19520,2026-08-27T11:31:02Z
pugs-school.ru,451,04_STILL_UNCERTAIN,DNS_UNCERTAIN,,,,cloudflare=MIXED;google=MIXED;quad9=MIXED,,,,,,,,9191,2026-08-27T11:30:55Z
puls-msk.ru,452,04_STILL_UNCERTAIN,DNS_UNCERTAIN,,,,cloudflare=MIXED;google=MIXED;quad9=MIXED,,,,,,,,2258,2026-08-27T11:30:57Z
pulsar-rnd.ru,453,04_STILL_UNCERTAIN,DNS_UNCERTAIN,,,,cloudflare=MIXED;google=MIXED;quad9=MIXED,,,,,,,,550,2026-08-27T11:30:58Z
puppets17.ru,454,04_STILL_UNCERTAIN,DNS_UNCERTAIN,,,,cloudflare=MIXED;google=MIXED;quad9=MIXED,,,,,,,,23185,2026-08-27T11:31:22Z
qp-52.ru,455,04_STILL_UNCERTAIN,DNS_UNCERTAIN,,,,cloudflare=MIXED;google=MIXED;quad9=MIXED,,,,,,,,1076,2026-08-27T11:31:00Z
r-7-top-1.ru,456,04_STILL_UNCERTAIN,DNS_UNCERTAIN,,,,cloudflare=MIXED;google=MIXED;quad9=MIXED,,,,,,,,1107,2026-08-27T11:31:02Z
radiomillenium.ru,457,04_STILL_UNCERTAIN,DNS_UNCERTAIN,,,,cloudflare=MIXED;google=MIXED;quad9=MIXED,,,,,,,,22978,2026-08-27T11:31:25Z
rassada39.ru,458,04_STILL_UNCERTAIN,DNS_UNCERTAIN,,,,cloudflare=MIXED;google=MIXED;quad9=MIXED,,,,,,,,3377,2026-08-27T11:31:05Z
rating-forum.ru,459,04_STILL_UNCERTAIN,DNS_UNCERTAIN,,,,cloudflare=MIXED;google=MIXED;quad9=MIXED,,,,,,,,680,2026-08-27T11:31:06Z
rcheker.ru,460,04_STILL_UNCERTAIN,DNS_UNCERTAIN,,,,cloudflare=MIXED;google=MIXED;quad9=MIXED,,,,,,,,859,2026-08-27T11:31:06Z
record-finans.ru,461,04_STILL_UNCERTAIN,DNS_UNCERTAIN,,,,cloudflare=MIXED;google=MIXED;quad9=MIXED,,,,,,,,24937,2026-08-27T11:31:31Z
redproxy.ru,462,04_STILL_UNCERTAIN,DNS_UNCERTAIN,,,,cloudflare=NODATA;google=NODATA;quad9=NODATA,,,,,,,,1493,2026-08-27T11:31:08Z
rekrut26.ru,463,04_STILL_UNCERTAIN,DNS_UNCERTAIN,,,,cloudflare=MIXED;google=MIXED;quad9=MIXED,,,,,,,,11028,2026-08-27T11:31:19Z
rem-96.ru,464,04_STILL_UNCERTAIN,DNS_UNCERTAIN,,,,cloudflare=MIXED;google=MIXED;quad9=MIXED,,,,,,,,9082,2026-08-27T11:31:28Z
remont-oshibki.ru,465,04_STILL_UNCERTAIN,DNS_UNCERTAIN,,,,cloudflare=MIXED;google=MIXED;quad9=MIXED,,,,,,,,2779,2026-08-27T11:31:25Z
remz-alex.ru,466,04_STILL_UNCERTAIN,DNS_UNCERTAIN,,,,cloudflare=NODATA;google=NODATA;quad9=NODATA,,,,,,,,1125,2026-08-27T11:31:26Z
restobarcapri.ru,467,04_STILL_UNCERTAIN,DNS_UNCERTAIN,,,,cloudflare=NODATA;google=NODATA;quad9=NODATA,,,,,,,,2936,2026-08-27T11:31:28Z
restorankletka.ru,468,04_STILL_UNCERTAIN,DNS_UNCERTAIN,,,,cloudflare=MIXED;google=MIXED;quad9=MIXED,,,,,,,,29106,2026-08-27T11:31:55Z
rgxp.ru,469,04_STILL_UNCERTAIN,DNS_UNCERTAIN,,,,cloudflare=MIXED;google=MIXED;quad9=MIXED,,,,,,,,23108,2026-08-27T11:31:51Z
rio-clubs.ru,470,04_STILL_UNCERTAIN,DNS_UNCERTAIN,,,,cloudflare=MIXED;google=MIXED;quad9=MIXED,,,,,,,,3885,2026-08-27T11:31:32Z
robo02.ru,471,04_STILL_UNCERTAIN,DNS_UNCERTAIN,,,,cloudflare=MIXED;google=MIXED;quad9=MIXED,,,,,,,,1466,2026-08-27T11:31:32Z
role-me.ru,472,04_STILL_UNCERTAIN,DNS_UNCERTAIN,,,,cloudflare=MIXED;google=MIXED;quad9=MIXED,,,,,,,,8405,2026-08-27T11:31:40Z
ros-hotel.ru,473,04_STILL_UNCERTAIN,DNS_UNCERTAIN,,,,cloudflare=NODATA;google=NODATA;quad9=NODATA,,,,,,,,1850,2026-08-27T11:31:34Z
rosmuzei.ru,474,04_STILL_UNCERTAIN,DNS_UNCERTAIN,,,,cloudflare=MIXED;google=MIXED;quad9=MIXED,,,,,,,,675,2026-08-27T11:31:35Z
rostestkrasnoyarsk.ru,475,04_STILL_UNCERTAIN,DNS_UNCERTAIN,,,,cloudflare=MIXED;google=MIXED;quad9=MIXED,,,,,,,,417,2026-08-27T11:31:35Z
rouxcycles.ru,476,04_STILL_UNCERTAIN,DNS_UNCERTAIN,,,,cloudflare=MIXED;google=MIXED;quad9=MIXED,,,,,,,,29953,2026-08-27T11:32:05Z
rovmetkabinet.ru,477,04_STILL_UNCERTAIN,DNS_UNCERTAIN,,,,cloudflare=MIXED;google=MIXED;quad9=MIXED,,,,,,,,14398,2026-08-27T11:31:55Z
rpnd-rb.ru,478,04_STILL_UNCERTAIN,DNS_UNCERTAIN,,,,cloudflare=MIXED;google=MIXED;quad9=MIXED,,,,,,,,4094,2026-08-27T11:31:55Z
rtp96.ru,479,04_STILL_UNCERTAIN,DNS_UNCERTAIN,,,,cloudflare=MIXED;google=MIXED;quad9=MIXED,,,,,,,,803,2026-08-27T11:31:56Z
rudubrovitsi.ru,480,04_STILL_UNCERTAIN,DNS_UNCERTAIN,,,,cloudflare=MIXED;google=MIXED;quad9=MIXED,,,,,,,,986,2026-08-27T11:31:56Z
rukovodstvo1.ru,481,04_STILL_UNCERTAIN,DNS_UNCERTAIN,,,,cloudflare=MIXED;google=MIXED;quad9=MIXED,,,,,,,,1032,2026-08-27T11:31:56Z
rusmangal24.ru,482,04_STILL_UNCERTAIN,DNS_UNCERTAIN,,,,cloudflare=MIXED;google=MIXED;quad9=MIXED,,,,,,,,1057,2026-08-27T11:31:57Z
russian-jiu-jitsu.ru,483,04_STILL_UNCERTAIN,DNS_UNCERTAIN,,,,cloudflare=MIXED;google=MIXED;quad9=MIXED,,,,,,,,974,2026-08-27T11:31:57Z
russkiiballetspb.ru,484,04_STILL_UNCERTAIN,DNS_UNCERTAIN,,,,cloudflare=MIXED;google=MIXED;quad9=MIXED,,,,,,,,962,2026-08-27T11:31:57Z
rybalka-na-volge.ru,485,04_STILL_UNCERTAIN,DNS_UNCERTAIN,,,,cloudflare=MIXED;google=MIXED;quad9=MIXED,,,,,,,,934,2026-08-27T11:31:58Z
s-zpn.ru,486,04_STILL_UNCERTAIN,DNS_UNCERTAIN,,,,cloudflare=MIXED;google=MIXED;quad9=MIXED,,,,,,,,1225,2026-08-27T11:31:58Z
sacividv.ru,487,04_STILL_UNCERTAIN,DNS_UNCERTAIN,,,,cloudflare=MIXED;google=MIXED;quad9=MIXED,,,,,,,,1026,2026-08-27T11:31:58Z
sadulibka.ru,488,04_STILL_UNCERTAIN,DNS_UNCERTAIN,,,,cloudflare=NODATA;google=NODATA;quad9=NODATA,,,,,,,,1100,2026-08-27T11:31:59Z
sanatorii-kislovodska.ru,489,04_STILL_UNCERTAIN,DNS_UNCERTAIN,,,,cloudflare=MIXED;google=MIXED;quad9=MIXED,,,,,,,,850,2026-08-27T11:31:59Z
sanatoriy-gornyy-vozduh-zheleznovodsk.ru,490,04_STILL_UNCERTAIN,DNS_UNCERTAIN,,,,cloudflare=MIXED;google=MIXED;quad9=MIXED,,,,,,,,1106,2026-08-27T11:31:59Z
sanatoriy-zdorove-zheleznovodsk.ru,491,04_STILL_UNCERTAIN,DNS_UNCERTAIN,,,,cloudflare=MIXED;google=MIXED;quad9=MIXED,,,,,,,,1090,2026-08-27T11:32:00Z
sapsan-sb.ru,492,04_STILL_UNCERTAIN,DNS_UNCERTAIN,,,,cloudflare=MIXED;google=MIXED;quad9=MIXED,,,,,,,,1093,2026-08-27T11:32:00Z
satka5.ru,493,03_NXDOMAIN_DEAD,NXDOMAIN_CONFIRMED,,,,cloudflare=NXDOMAIN;google=NXDOMAIN;quad9=NXDOMAIN,,,,,,,,364,2026-08-27T11:32:00Z
satodom.ru,494,03_NXDOMAIN_DEAD,NXDOMAIN_CONFIRMED,,,,cloudflare=NXDOMAIN;google=NXDOMAIN;quad9=NXDOMAIN,,,,,,,,446,2026-08-27T11:32:00Z
saufaus.ru,495,03_NXDOMAIN_DEAD,NXDOMAIN_CONFIRMED,,,,cloudflare=NXDOMAIN;google=NXDOMAIN;quad9=NXDOMAIN,,,,,,,,1182,2026-08-27T11:32:01Z
sauna-holidaypark.ru,496,03_NXDOMAIN_DEAD,NXDOMAIN_CONFIRMED,,,,cloudflare=NXDOMAIN;google=NXDOMAIN;quad9=NXDOMAIN,,,,,,,,246,2026-08-27T11:32:00Z
savarae0.ru,497,03_NXDOMAIN_DEAD,NXDOMAIN_CONFIRMED,,,,cloudflare=NXDOMAIN;google=NXDOMAIN;quad9=NXDOMAIN,,,,,,,,499,2026-08-27T11:32:01Z
sayans23.ru,498,04_STILL_UNCERTAIN,DNS_UNCERTAIN,,,,cloudflare=MIXED;google=MIXED;quad9=MIXED,,,,,,,,935,2026-08-27T11:32:01Z
sayt-s-nulya.ru,499,04_STILL_UNCERTAIN,DNS_UNCERTAIN,,,,cloudflare=MIXED;google=MIXED;quad9=MIXED,,,,,,,,889,2026-08-27T11:32:01Z
sch-int2.ru,500,04_STILL_UNCERTAIN,DNS_UNCERTAIN,,,,cloudflare=MIXED;google=MIXED;quad9=MIXED,,,,,,,,1042,2026-08-27T11:32:02Z
school16-sp.ru,501,04_STILL_UNCERTAIN,DNS_UNCERTAIN,,,,cloudflare=NODATA;google=NODATA;quad9=NODATA,,,,,,,,1091,2026-08-27T11:32:02Z
school8-kalin.ru,502,04_STILL_UNCERTAIN,DNS_UNCERTAIN,,,,cloudflare=MIXED;google=MIXED;quad9=MIXED,,,,,,,,2237,2026-08-27T11:32:04Z
schooldesignufa.ru,503,04_STILL_UNCERTAIN,DNS_UNCERTAIN,,,,cloudflare=MIXED;google=MIXED;quad9=MIXED,,,,,,,,2235,2026-08-27T11:32:04Z
schoolexodus.ru,504,04_STILL_UNCERTAIN,DNS_UNCERTAIN,,,,cloudflare=MIXED;google=MIXED;quad9=MIXED,,,,,,,,863,2026-08-27T11:32:05Z
schoolpedia.ru,505,04_STILL_UNCERTAIN,DNS_UNCERTAIN,,,,cloudflare=MIXED;google=MIXED;quad9=MIXED,,,,,,,,1206,2026-08-27T11:32:05Z
scl6-lipetsk.ru,506,04_STILL_UNCERTAIN,DNS_UNCERTAIN,,,,cloudflare=MIXED;google=MIXED;quad9=MIXED,,,,,,,,2993,2026-08-27T11:32:07Z
sdelano-dlya-detstva.ru,507,04_STILL_UNCERTAIN,DNS_UNCERTAIN,,,,cloudflare=NODATA;google=NODATA;quad9=NODATA,,,,,,,,1655,2026-08-27T11:32:06Z
sdirekt.ru,508,04_STILL_UNCERTAIN,DNS_UNCERTAIN,,,,cloudflare=MIXED;google=MIXED;quad9=MIXED,,,,,,,,744,2026-08-27T11:32:06Z
sdmo-info.ru,509,04_STILL_UNCERTAIN,DNS_UNCERTAIN,,,,cloudflare=MIXED;google=MIXED;quad9=MIXED,,,,,,,,728,2026-08-27T11:32:06Z
self-kupalnik.ru,510,03_NXDOMAIN_DEAD,NXDOMAIN_CONFIRMED,,,,cloudflare=NXDOMAIN;google=NXDOMAIN;quad9=NXDOMAIN,,,,,,,,504,2026-08-27T11:32:06Z
sellary.ru,511,03_NXDOMAIN_DEAD,NXDOMAIN_CONFIRMED,,,,cloudflare=NXDOMAIN;google=NXDOMAIN;quad9=NXDOMAIN,,,,,,,,506,2026-08-27T11:32:07Z
sellector.su,512,03_NXDOMAIN_DEAD,NXDOMAIN_CONFIRMED,,,,cloudflare=NXDOMAIN;google=NXDOMAIN;quad9=NXDOMAIN,,,,,,,,710,2026-08-27T11:32:07Z
selsovetikrinskiy.ru,513,03_NXDOMAIN_DEAD,NXDOMAIN_CONFIRMED,,,,cloudflare=NXDOMAIN;google=NXDOMAIN;quad9=NXDOMAIN,,,,,,,,678,2026-08-27T11:32:07Z
seo-buks.ru,514,03_NXDOMAIN_DEAD,NXDOMAIN_CONFIRMED,,,,cloudflare=NXDOMAIN;google=NXDOMAIN;quad9=NXDOMAIN,,,,,,,,676,2026-08-27T11:32:07Z
serp-go.ru,515,03_NXDOMAIN_DEAD,NXDOMAIN_CONFIRMED,,,,cloudflare=NXDOMAIN;google=NXDOMAIN;quad9=NXDOMAIN,,,,,,,,307,2026-08-27T11:32:07Z
serviscomfort.ru,516,04_STILL_UNCERTAIN,DNS_UNCERTAIN,,,,cloudflare=MIXED;google=MIXED;quad9=MIXED,,,,,,,,25884,2026-08-27T11:32:33Z
sexorenburg.ru,517,04_STILL_UNCERTAIN,DNS_UNCERTAIN,,,,cloudflare=MIXED;google=MIXED;quad9=MIXED,,,,,,,,5272,2026-08-27T11:32:13Z
sharmclub.ru,518,04_STILL_UNCERTAIN,DNS_UNCERTAIN,,,,cloudflare=MIXED;google=MIXED;quad9=MIXED,,,,,,,,2787,2026-08-27T11:32:10Z
shato-shale.ru,519,04_STILL_UNCERTAIN,DNS_UNCERTAIN,,,,cloudflare=MIXED;google=MIXED;quad9=MIXED,,,,,,,,1531,2026-08-27T11:32:09Z
shepelevagroup.ru,520,04_STILL_UNCERTAIN,DNS_UNCERTAIN,,,,cloudflare=MIXED;google=MIXED;quad9=MIXED,,,,,,,,1360,2026-08-27T11:32:10Z
shevs.ru,521,04_STILL_UNCERTAIN,DNS_UNCERTAIN,,,,cloudflare=MIXED;google=MIXED;quad9=MIXED,,,,,,,,1594,2026-08-27T11:32:12Z
shkola4-z.ru,522,03_NXDOMAIN_DEAD,NXDOMAIN_CONFIRMED,,,,cloudflare=NXDOMAIN;google=NXDOMAIN;quad9=NXDOMAIN,,,,,,,,1131,2026-08-27T11:32:11Z
shop.vipgeneric.ru,523,04_STILL_UNCERTAIN,DNS_UNCERTAIN,,,,cloudflare=MIXED;google=MIXED;quad9=MIXED,,,,,,,,26148,2026-08-27T11:32:38Z
simp.ru,524,04_STILL_UNCERTAIN,DNS_UNCERTAIN,,,,cloudflare=MIXED;google=MIXED;quad9=MIXED,,,,,,,,2437,2026-08-27T11:32:14Z
sirylnik.ru,525,04_STILL_UNCERTAIN,DNS_UNCERTAIN,,,,cloudflare=MIXED;google=MIXED;quad9=MIXED,,,,,,,,1849,2026-08-27T11:32:14Z
siza.ru,526,04_STILL_UNCERTAIN,DNS_UNCERTAIN,,,,cloudflare=MIXED;google=MIXED;quad9=MIXED,,,,,,,,1463,2026-08-27T11:32:16Z
skartproject.ru,527,04_STILL_UNCERTAIN,DNS_UNCERTAIN,,,,cloudflare=MIXED;google=MIXED;quad9=MIXED,,,,,,,,20638,2026-08-27T11:32:35Z
skillup-hack.ru,528,04_STILL_UNCERTAIN,DNS_UNCERTAIN,,,,cloudflare=MIXED;google=MIXED;quad9=MIXED,,,,,,,,1752,2026-08-27T11:32:17Z
skinsdle.ru,529,04_STILL_UNCERTAIN,DNS_UNCERTAIN,,,,cloudflare=MIXED;google=MIXED;quad9=MIXED,,,,,,,,28894,2026-08-27T11:32:46Z
sklad-moskwa.ru,530,04_STILL_UNCERTAIN,DNS_UNCERTAIN,,,,cloudflare=MIXED;google=MIXED;quad9=MIXED,,,,,,,,4522,2026-08-27T11:32:37Z
slastenacoffee.ru,531,04_STILL_UNCERTAIN,DNS_UNCERTAIN,,,,cloudflare=MIXED;google=MIXED;quad9=MIXED,,,,,,,,2721,2026-08-27T11:32:38Z
smcavangard.ru,532,04_STILL_UNCERTAIN,DNS_UNCERTAIN,,,,cloudflare=NODATA;google=NODATA;quad9=NODATA,,,,,,,,1038,2026-08-27T11:32:39Z
smrservice.ru,533,04_STILL_UNCERTAIN,DNS_UNCERTAIN,,,,cloudflare=NODATA;google=NODATA;quad9=NODATA,,,,,,,,836,2026-08-27T11:32:38Z
smtrx.ru,534,04_STILL_UNCERTAIN,DNS_UNCERTAIN,,,,cloudflare=NODATA;google=NODATA;quad9=NODATA,,,,,,,,924,2026-08-27T11:32:39Z
snssmartpowder.ru,535,04_STILL_UNCERTAIN,DNS_UNCERTAIN,,,,cloudflare=MIXED;google=MIXED;quad9=MIXED,,,,,,,,7508,2026-08-27T11:32:46Z
sobesednik.ru,536,04_STILL_UNCERTAIN,DNS_UNCERTAIN,,,,cloudflare=MIXED;google=MIXED;quad9=MIXED,,,,,,,,3873,2026-08-27T11:32:42Z
sochynenie.ru,537,04_STILL_UNCERTAIN,DNS_UNCERTAIN,,,,cloudflare=MIXED;google=MIXED;quad9=MIXED,,,,,,,,2148,2026-08-27T11:32:41Z
solnyschko15.ru,538,04_STILL_UNCERTAIN,DNS_UNCERTAIN,,,,cloudflare=MIXED;google=MIXED;quad9=MIXED,,,,,,,,2681,2026-08-27T11:32:44Z
sparta75.ru,539,04_STILL_UNCERTAIN,DNS_UNCERTAIN,,,,cloudflare=MIXED;google=MIXED;quad9=MIXED,,,,,,,,3877,2026-08-27T11:32:46Z
sportkompleksbk.ru,540,04_STILL_UNCERTAIN,DNS_UNCERTAIN,,,,cloudflare=MIXED;google=MIXED;quad9=MIXED,,,,,,,,13486,2026-08-27T11:32:57Z
sportmission.ru,541,04_STILL_UNCERTAIN,DNS_UNCERTAIN,,,,cloudflare=MIXED;google=MIXED;quad9=MIXED,,,,,,,,1798,2026-08-27T11:32:48Z
sportsh2.ru,542,04_STILL_UNCERTAIN,DNS_UNCERTAIN,,,,cloudflare=NODATA;google=NODATA;quad9=NODATA,,,,,,,,2239,2026-08-27T11:32:48Z
spot360.ru,543,04_STILL_UNCERTAIN,DNS_UNCERTAIN,,,,cloudflare=MIXED;google=MIXED;quad9=MIXED,,,,,,,,8508,2026-08-27T11:32:55Z
spran.ru,544,04_STILL_UNCERTAIN,DNS_UNCERTAIN,,,,cloudflare=MIXED;google=MIXED;quad9=MIXED,,,,,,,,4196,2026-08-27T11:32:52Z
sqinpro.ru,545,04_STILL_UNCERTAIN,DNS_UNCERTAIN,,,,cloudflare=MIXED;google=MIXED;quad9=MIXED,,,,,,,,6048,2026-08-27T11:32:54Z
st-tver.ru,546,04_STILL_UNCERTAIN,DNS_UNCERTAIN,,,,cloudflare=MIXED;google=MIXED;quad9=MIXED,,,,,,,,3704,2026-08-27T11:32:56Z
stakerussia.ru,547,04_STILL_UNCERTAIN,DNS_UNCERTAIN,,,,cloudflare=MIXED;google=MIXED;quad9=MIXED,,,,,,,,16574,2026-08-27T11:33:11Z
stanovoe-hotel.ru,548,04_STILL_UNCERTAIN,DNS_UNCERTAIN,,,,cloudflare=MIXED;google=MIXED;quad9=MIXED,,,,,,,,15745,2026-08-27T11:33:11Z
statinformation.ru,549,04_STILL_UNCERTAIN,DNS_UNCERTAIN,,,,cloudflare=MIXED;google=MIXED;quad9=MIXED,,,,,,,,2124,2026-08-27T11:32:58Z
stavsad35.ru,550,04_STILL_UNCERTAIN,DNS_UNCERTAIN,,,,cloudflare=MIXED;google=MIXED;quad9=MIXED,,,,,,,,990,2026-08-27T11:32:58Z
stolica2024.ru,551,04_STILL_UNCERTAIN,DNS_UNCERTAIN,,,,cloudflare=MIXED;google=MIXED;quad9=MIXED,,,,,,,,774,2026-08-27T11:32:58Z
stomatologiya-edelveis.ru,552,04_STILL_UNCERTAIN,DNS_UNCERTAIN,,,,cloudflare=MIXED;google=MIXED;quad9=MIXED,,,,,,,,1941,2026-08-27T11:33:00Z
stoprofavtodor.ru,553,04_STILL_UNCERTAIN,DNS_UNCERTAIN,,,,cloudflare=MIXED;google=MIXED;quad9=MIXED,,,,,,,,6643,2026-08-27T11:33:05Z
sttexpo.ru,554,04_STILL_UNCERTAIN,DNS_UNCERTAIN,,,,cloudflare=MIXED;google=MIXED;quad9=MIXED,,,,,,,,4146,2026-08-27T11:33:06Z
studio110.ru,555,04_STILL_UNCERTAIN,DNS_UNCERTAIN,,,,cloudflare=MIXED;google=MIXED;quad9=ERROR,,,,,,,,24793,2026-08-27T11:33:30Z
studiomel.ru,556,04_STILL_UNCERTAIN,DNS_UNCERTAIN,,,,cloudflare=MIXED;google=MIXED;quad9=MIXED,,,,,,,,1350,2026-08-27T11:33:07Z
studyhardschool.ru,557,04_STILL_UNCERTAIN,DNS_UNCERTAIN,,,,cloudflare=MIXED;google=MIXED;quad9=MIXED,,,,,,,,837,2026-08-27T11:33:08Z
sumodesign.ru,558,04_STILL_UNCERTAIN,DNS_UNCERTAIN,,,,cloudflare=MIXED;google=MIXED;quad9=MIXED,,,,,,,,836,2026-08-27T11:33:09Z
sunduk-forum.ru,559,04_STILL_UNCERTAIN,DNS_UNCERTAIN,,,,cloudflare=NODATA;google=NODATA;quad9=NODATA,,,,,,,,601,2026-08-27T11:33:09Z
svd-market.ru,560,04_STILL_UNCERTAIN,DNS_UNCERTAIN,,,,cloudflare=MIXED;google=MIXED;quad9=MIXED,,,,,,,,984,2026-08-27T11:33:10Z
svetonoff.ru,561,04_STILL_UNCERTAIN,DNS_UNCERTAIN,,,,cloudflare=NODATA;google=NODATA;quad9=NODATA,,,,,,,,1995,2026-08-27T11:33:12Z
svv-auto.ru,562,04_STILL_UNCERTAIN,DNS_UNCERTAIN,,,,cloudflare=MIXED;google=MIXED;quad9=MIXED,,,,,,,,21114,2026-08-27T11:33:32Z
swapzone.ru,563,04_STILL_UNCERTAIN,DNS_UNCERTAIN,,,,cloudflare=MIXED;google=MIXED;quad9=MIXED,,,,,,,,10913,2026-08-27T11:33:22Z
tabacoff-24.ru,564,04_STILL_UNCERTAIN,DNS_UNCERTAIN,,,,cloudflare=MIXED;google=MIXED;quad9=MIXED,,,,,,,,5436,2026-08-27T11:33:18Z
taimyr-crb.ru,565,04_STILL_UNCERTAIN,DNS_UNCERTAIN,,,,cloudflare=NODATA;google=NODATA;quad9=NODATA,,,,,,,,6313,2026-08-27T11:33:24Z
td-ananas.ru,566,04_STILL_UNCERTAIN,DNS_UNCERTAIN,,,,cloudflare=MIXED;google=MIXED;quad9=MIXED,,,,,,,,2833,2026-08-27T11:33:25Z
teahouse-group.ru,567,04_STILL_UNCERTAIN,DNS_UNCERTAIN,,,,cloudflare=MIXED;google=MIXED;quad9=MIXED,,,,,,,,1089,2026-08-27T11:33:25Z
tealcourse.ru,568,04_STILL_UNCERTAIN,DNS_UNCERTAIN,,,,cloudflare=MIXED;google=MIXED;quad9=MIXED,,,,,,,,1256,2026-08-27T11:33:26Z
teatr-sad.ru,569,04_STILL_UNCERTAIN,DNS_UNCERTAIN,,,,cloudflare=NODATA;google=NODATA;quad9=NODATA,,,,,,,,1444,2026-08-27T11:33:27Z
tekengineers.ru,570,04_STILL_UNCERTAIN,DNS_UNCERTAIN,,,,cloudflare=MIXED;google=MIXED;quad9=MIXED,,,,,,,,1564,2026-08-27T11:33:28Z
tenora.ru,571,04_STILL_UNCERTAIN,DNS_UNCERTAIN,,,,cloudflare=NODATA;google=NODATA;quad9=NODATA,,,,,,,,1585,2026-08-27T11:33:28Z
tgunoptics.ru,572,04_STILL_UNCERTAIN,DNS_UNCERTAIN,,,,cloudflare=MIXED;google=MIXED;quad9=MIXED,,,,,,,,1259,2026-08-27T11:33:29Z
thaiway13.ru,573,04_STILL_UNCERTAIN,DNS_UNCERTAIN,,,,cloudflare=MIXED;google=MIXED;quad9=MIXED,,,,,,,,945,2026-08-27T11:33:29Z
timokhov.ru,574,04_STILL_UNCERTAIN,DNS_UNCERTAIN,,,,cloudflare=MIXED;google=MIXED;quad9=MIXED,,,,,,,,21528,2026-08-27T11:33:50Z
tk-online.ru,575,04_STILL_UNCERTAIN,DNS_UNCERTAIN,,,,cloudflare=MIXED;google=MIXED;quad9=MIXED,,,,,,,,1645,2026-08-27T11:33:31Z
tomas-school.ru,576,04_STILL_UNCERTAIN,DNS_UNCERTAIN,,,,cloudflare=MIXED;google=MIXED;quad9=MIXED,,,,,,,,1399,2026-08-27T11:33:31Z
tonus38.ru,577,04_STILL_UNCERTAIN,DNS_UNCERTAIN,,,,cloudflare=MIXED;google=MIXED;quad9=MIXED,,,,,,,,5259,2026-08-27T11:33:36Z
topkpd.ru,578,04_STILL_UNCERTAIN,DNS_UNCERTAIN,,,,cloudflare=MIXED;google=MIXED;quad9=MIXED,,,,,,,,27610,2026-08-27T11:33:59Z
torgenergoprom.ru,579,04_STILL_UNCERTAIN,DNS_UNCERTAIN,,,,cloudflare=MIXED;google=MIXED;quad9=MIXED,,,,,,,,17237,2026-08-27T11:33:49Z
torgoviy-dvor.ru,580,04_STILL_UNCERTAIN,DNS_UNCERTAIN,,,,cloudflare=MIXED;google=MIXED;quad9=MIXED,,,,,,,,769,2026-08-27T11:33:37Z
toriyami.ru,581,04_STILL_UNCERTAIN,DNS_UNCERTAIN,,,,cloudflare=MIXED;google=MIXED;quad9=MIXED,,,,,,,,924,2026-08-27T11:33:38Z
totsamy.ru,582,04_STILL_UNCERTAIN,DNS_UNCERTAIN,,,,cloudflare=MIXED;google=MIXED;quad9=MIXED,,,,,,,,630,2026-08-27T11:33:39Z
tovaro-obzor.ru,583,04_STILL_UNCERTAIN,DNS_UNCERTAIN,,,,cloudflare=NODATA;google=NODATA;quad9=NODATA,,,,,,,,1388,2026-08-27T11:33:40Z
trancevich.ru,584,04_STILL_UNCERTAIN,DNS_UNCERTAIN,,,,cloudflare=MIXED;google=MIXED;quad9=MIXED,,,,,,,,4028,2026-08-27T11:33:44Z
trendinvesst.nov.ru,585,04_STILL_UNCERTAIN,DNS_UNCERTAIN,,,,cloudflare=MIXED;google=MIXED;quad9=MIXED,,,,,,,,10438,2026-08-27T11:33:54Z
trendinvesst.pp.ru,586,04_STILL_UNCERTAIN,DNS_UNCERTAIN,,,,cloudflare=MIXED;google=MIXED;quad9=MIXED,,,,,,,,7484,2026-08-27T11:33:56Z
tributa.ru,587,04_STILL_UNCERTAIN,DNS_UNCERTAIN,,,,cloudflare=MIXED;google=MIXED;quad9=MIXED,,,,,,,,3472,2026-08-27T11:33:54Z
trinz.ru,588,04_STILL_UNCERTAIN,DNS_UNCERTAIN,,,,cloudflare=MIXED;google=MIXED;quad9=MIXED,,,,,,,,4206,2026-08-27T11:33:58Z
tt-dance.ru,589,04_STILL_UNCERTAIN,DNS_UNCERTAIN,,,,cloudflare=MIXED;google=MIXED;quad9=MIXED,,,,,,,,2740,2026-08-27T11:33:57Z
tupperware54.ru,590,04_STILL_UNCERTAIN,DNS_UNCERTAIN,,,,cloudflare=MIXED;google=MIXED;quad9=MIXED,,,,,,,,1278,2026-08-27T11:33:58Z
tursportrg.ru,591,04_STILL_UNCERTAIN,DNS_UNCERTAIN,,,,cloudflare=MIXED;google=MIXED;quad9=MIXED,,,,,,,,801,2026-08-27T11:33:58Z
tuxy.com.ru,592,04_STILL_UNCERTAIN,DNS_UNCERTAIN,,,,cloudflare=MIXED;google=MIXED;quad9=MIXED,,,,,,,,4276,2026-08-27T11:34:02Z
tuxy.spb.ru,593,04_STILL_UNCERTAIN,DNS_UNCERTAIN,,,,cloudflare=MIXED;google=MIXED;quad9=MIXED,,,,,,,,4271,2026-08-27T11:34:02Z
tv-prost.ru,594,04_STILL_UNCERTAIN,DNS_UNCERTAIN,,,,cloudflare=MIXED;google=MIXED;quad9=MIXED,,,,,,,,2377,2026-08-27T11:34:01Z
uaz-kaluga.ru,595,04_STILL_UNCERTAIN,DNS_UNCERTAIN,,,,cloudflare=MIXED;google=MIXED;quad9=MIXED,,,,,,,,3196,2026-08-27T11:34:02Z
uborka18.ru,596,04_STILL_UNCERTAIN,DNS_UNCERTAIN,,,,cloudflare=MIXED;google=MIXED;quad9=MIXED,,,,,,,,2164,2026-08-27T11:34:03Z
uck-l.ru,597,04_STILL_UNCERTAIN,DNS_UNCERTAIN,,,,cloudflare=MIXED;google=MIXED;quad9=MIXED,,,,,,,,969,2026-08-27T11:34:03Z
udpprof.ru,598,04_STILL_UNCERTAIN,DNS_UNCERTAIN,,,,cloudflare=MIXED;google=MIXED;quad9=MIXED,,,,,,,,1209,2026-08-27T11:34:03Z
ugms14.ru,599,04_STILL_UNCERTAIN,DNS_UNCERTAIN,,,,cloudflare=MIXED;google=MIXED;quad9=MIXED,,,,,,,,24510,2026-08-27T11:34:27Z
uk-standart.ru,600,04_STILL_UNCERTAIN,DNS_UNCERTAIN,,,,cloudflare=NODATA;google=NODATA;quad9=NODATA,,,,,,,,2328,2026-08-27T11:34:05Z
ukpt-38.ru,601,04_STILL_UNCERTAIN,DNS_UNCERTAIN,,,,cloudflare=MIXED;google=MIXED;quad9=MIXED,,,,,,,,1912,2026-08-27T11:34:05Z
unineuro.ru,602,04_STILL_UNCERTAIN,DNS_UNCERTAIN,,,,cloudflare=NODATA;google=NODATA;quad9=NODATA,,,,,,,,3456,2026-08-27T11:34:07Z
ural-gubaha.ru,603,04_STILL_UNCERTAIN,DNS_UNCERTAIN,,,,cloudflare=MIXED;google=MIXED;quad9=MIXED,,,,,,,,27844,2026-08-27T11:34:33Z
ussurmc.ru,604,04_STILL_UNCERTAIN,DNS_UNCERTAIN,,,,cloudflare=MIXED;google=MIXED;quad9=MIXED,,,,,,,,1165,2026-08-27T11:34:08Z
utmnprobusiness.ru,605,04_STILL_UNCERTAIN,DNS_UNCERTAIN,,,,cloudflare=MIXED;google=MIXED;quad9=MIXED,,,,,,,,1611,2026-08-27T11:34:08Z
vagonchiki.su,606,04_STILL_UNCERTAIN,DNS_UNCERTAIN,,,,cloudflare=MIXED;google=MIXED;quad9=MIXED,,,,,,,,3763,2026-08-27T11:34:12Z
vash-altay.ru,607,04_STILL_UNCERTAIN,DNS_UNCERTAIN,,,,cloudflare=MIXED;google=MIXED;quad9=MIXED,,,,,,,,30145,2026-08-27T11:34:39Z
vavvadaa.ru,608,04_STILL_UNCERTAIN,DNS_UNCERTAIN,,,,cloudflare=MIXED;google=MIXED;quad9=MIXED,,,,,,,,11862,2026-08-27T11:34:24Z
vazhnaya-persona.ru,609,04_STILL_UNCERTAIN,DNS_UNCERTAIN,,,,cloudflare=MIXED;google=MIXED;quad9=ERROR,,,,,,,,30179,2026-08-27T11:34:54Z
velikvoy.ru,610,04_STILL_UNCERTAIN,DNS_UNCERTAIN,,,,cloudflare=NODATA;google=NODATA;quad9=NODATA,,,,,,,,7205,2026-08-27T11:34:34Z
vent-service-s.ru,611,04_STILL_UNCERTAIN,DNS_UNCERTAIN,,,,cloudflare=MIXED;google=MIXED;quad9=MIXED,,,,,,,,1270,2026-08-27T11:34:34Z
ves-uteplitel.ru,612,04_STILL_UNCERTAIN,DNS_UNCERTAIN,,,,cloudflare=MIXED;google=MIXED;quad9=MIXED,,,,,,,,23300,2026-08-27T11:34:57Z
vetryachok.ru,613,04_STILL_UNCERTAIN,DNS_UNCERTAIN,,,,cloudflare=MIXED;google=MIXED;quad9=MIXED,,,,,,,,1650,2026-08-27T11:34:36Z
vgil.ru,614,04_STILL_UNCERTAIN,DNS_UNCERTAIN,,,,cloudflare=MIXED;google=MIXED;quad9=MIXED,,,,,,,,13679,2026-08-27T11:34:50Z
video-points.ru,615,04_STILL_UNCERTAIN,DNS_UNCERTAIN,,,,cloudflare=MIXED;google=MIXED;quad9=MIXED,,,,,,,,2601,2026-08-27T11:34:41Z
vidhab.ru,616,04_STILL_UNCERTAIN,DNS_UNCERTAIN,,,,cloudflare=NODATA;google=NODATA;quad9=NODATA,,,,,,,,8519,2026-08-27T11:34:50Z
violinmaster.ru,617,04_STILL_UNCERTAIN,DNS_UNCERTAIN,,,,cloudflare=MIXED;google=MIXED;quad9=MIXED,,,,,,,,9948,2026-08-27T11:34:59Z
viva101.ru,618,04_STILL_UNCERTAIN,DNS_UNCERTAIN,,,,cloudflare=MIXED;google=MIXED;quad9=MIXED,,,,,,,,11395,2026-08-27T11:35:01Z
vkusnovarov.ru,619,04_STILL_UNCERTAIN,DNS_UNCERTAIN,,,,cloudflare=MIXED;google=MIXED;quad9=MIXED,,,,,,,,4797,2026-08-27T11:34:59Z
vladimir-otel.ru,620,04_STILL_UNCERTAIN,DNS_UNCERTAIN,,,,cloudflare=NODATA;google=NODATA;quad9=NODATA,,,,,,,,2617,2026-08-27T11:35:00Z
vlessvpn.su,621,04_STILL_UNCERTAIN,DNS_UNCERTAIN,,,,cloudflare=MIXED;google=MIXED;quad9=MIXED,,,,,,,,3304,2026-08-27T11:35:02Z
voilokcafe.ru,622,04_STILL_UNCERTAIN,DNS_UNCERTAIN,,,,cloudflare=MIXED;google=MIXED;quad9=MIXED,,,,,,,,1693,2026-08-27T11:35:01Z
volkovo-kdk.ru,623,04_STILL_UNCERTAIN,DNS_UNCERTAIN,,,,cloudflare=NODATA;google=NODATA;quad9=NODATA,,,,,,,,931,2026-08-27T11:35:01Z
voronegh.dymim.ru,624,04_STILL_UNCERTAIN,DNS_UNCERTAIN,,,,cloudflare=MIXED;google=MIXED;quad9=MIXED,,,,,,,,3799,2026-08-27T11:35:05Z
voskandgo.ru,625,04_STILL_UNCERTAIN,DNS_UNCERTAIN,,,,cloudflare=MIXED;google=MIXED;quad9=MIXED,,,,,,,,927,2026-08-27T11:35:02Z
vpraktikum.ru,626,04_STILL_UNCERTAIN,DNS_UNCERTAIN,,,,cloudflare=MIXED;google=MIXED;quad9=MIXED,,,,,,,,1010,2026-08-27T11:35:02Z
vrasmer.ru,627,04_STILL_UNCERTAIN,DNS_UNCERTAIN,,,,cloudflare=MIXED;google=MIXED;quad9=MIXED,,,,,,,,18300,2026-08-27T11:35:20Z
vszd.ru,628,04_STILL_UNCERTAIN,DNS_UNCERTAIN,,,,cloudflare=MIXED;google=MIXED;quad9=MIXED,,,,,,,,1026,2026-08-27T11:35:03Z
vtkmarket.ru,629,04_STILL_UNCERTAIN,DNS_UNCERTAIN,,,,cloudflare=MIXED;google=MIXED;quad9=MIXED,,,,,,,,1154,2026-08-27T11:35:03Z
waste-business.ru,630,04_STILL_UNCERTAIN,DNS_UNCERTAIN,,,,cloudflare=MIXED;google=MIXED;quad9=MIXED,,,,,,,,2382,2026-08-27T11:35:05Z
watchwrestling.su,631,04_STILL_UNCERTAIN,DNS_UNCERTAIN,,,,cloudflare=MIXED;google=MIXED;quad9=MIXED,,,,,,,,2340,2026-08-27T11:35:06Z
weddinggreece.ru,632,04_STILL_UNCERTAIN,DNS_UNCERTAIN,,,,cloudflare=NODATA;google=NODATA;quad9=NODATA,,,,,,,,1774,2026-08-27T11:35:06Z
wowka.su,633,04_STILL_UNCERTAIN,DNS_UNCERTAIN,,,,cloudflare=NODATA;google=NODATA;quad9=NODATA,,,,,,,,3116,2026-08-27T11:35:09Z
www.edmschool.ru,634,04_STILL_UNCERTAIN,DNS_UNCERTAIN,,,,cloudflare=MIXED;google=MIXED;quad9=MIXED,,,,,,,,1936,2026-08-27T11:35:08Z
www.fishing-carp.ru,635,04_STILL_UNCERTAIN,DNS_UNCERTAIN,,,,cloudflare=MIXED;google=MIXED;quad9=MIXED,,,,,,,,1395,2026-08-27T11:35:08Z
www.flyboardrussia.ru,636,04_STILL_UNCERTAIN,DNS_UNCERTAIN,,,,cloudflare=MIXED;google=MIXED;quad9=MIXED,,,,,,,,20533,2026-08-27T11:35:28Z
www.gcourts.ru,637,04_STILL_UNCERTAIN,DNS_UNCERTAIN,,,,cloudflare=MIXED;google=MIXED;quad9=MIXED,,,,,,,,1174,2026-08-27T11:35:09Z
www.keramik-holl.ru,638,04_STILL_UNCERTAIN,DNS_UNCERTAIN,,,,cloudflare=MIXED;google=MIXED;quad9=MIXED,,,,,,,,1288,2026-08-27T11:35:10Z
www.kuhni-idea.ru,639,04_STILL_UNCERTAIN,DNS_UNCERTAIN,,,,cloudflare=MIXED;google=MIXED;quad9=MIXED,,,,,,,,1187,2026-08-27T11:35:10Z
www.maina-admin.ru,640,04_STILL_UNCERTAIN,DNS_UNCERTAIN,,,,cloudflare=MIXED;google=MIXED;quad9=MIXED,,,,,,,,5015,2026-08-27T11:35:15Z
www.michtheatre.ru,641,04_STILL_UNCERTAIN,DNS_UNCERTAIN,,,,cloudflare=MIXED;google=MIXED;quad9=MIXED,,,,,,,,5362,2026-08-27T11:35:16Z
www.sushifries.ru,642,04_STILL_UNCERTAIN,DNS_UNCERTAIN,,,,cloudflare=MIXED;google=MIXED;quad9=MIXED,,,,,,,,2515,2026-08-27T11:35:17Z
www.trioreha.ru,643,04_STILL_UNCERTAIN,DNS_UNCERTAIN,,,,cloudflare=MIXED;google=MIXED;quad9=MIXED,,,,,,,,14616,2026-08-27T11:35:30Z
www.ucsmr.ru,644,04_STILL_UNCERTAIN,DNS_UNCERTAIN,,,,cloudflare=MIXED;google=MIXED;quad9=MIXED,,,,,,,,15999,2026-08-27T11:35:33Z
www.xn----7sbwmbi5akhec6c4bj.xn--p1ai,645,04_STILL_UNCERTAIN,DNS_UNCERTAIN,,,,cloudflare=MIXED;google=MIXED;quad9=MIXED,,,,,,,,13153,2026-08-27T11:35:33Z
x-age.ru,646,04_STILL_UNCERTAIN,DNS_UNCERTAIN,,,,cloudflare=NODATA;google=NODATA;quad9=NODATA,,,,,,,,2158,2026-08-27T11:35:30Z
xn-----7kcbvdmbhpcgorfqg6a1a.xn--p1ai,647,04_STILL_UNCERTAIN,DNS_UNCERTAIN,,,,cloudflare=MIXED;google=MIXED;quad9=MIXED,,,,,,,,613,2026-08-27T11:35:31Z
xn-----8kcr1asfm3as.xn--p1ai,648,04_STILL_UNCERTAIN,DNS_UNCERTAIN,,,,cloudflare=MIXED;google=MIXED;quad9=MIXED,,,,,,,,726,2026-08-27T11:35:31Z
xn----7sbbagg3bilyfh0ajs.xn--p1ai,649,04_STILL_UNCERTAIN,DNS_UNCERTAIN,,,,cloudflare=MIXED;google=MIXED;quad9=MIXED,,,,,,,,736,2026-08-27T11:35:32Z
xn----7sbbi3aiedmped1czeya.xn--p1ai,650,04_STILL_UNCERTAIN,DNS_UNCERTAIN,,,,cloudflare=MIXED;google=MIXED;quad9=MIXED,,,,,,,,2996,2026-08-27T11:35:34Z
xn----7sbejwba3deg2i.xn--p1ai,651,04_STILL_UNCERTAIN,DNS_UNCERTAIN,,,,cloudflare=MIXED;google=MIXED;quad9=MIXED,,,,,,,,5399,2026-08-27T11:35:37Z
xn----7sbhbxn1ar1ae3g.xn--p1ai,652,04_STILL_UNCERTAIN,DNS_UNCERTAIN,,,,cloudflare=MIXED;google=MIXED;quad9=MIXED,,,,,,,,2879,2026-08-27T11:35:36Z
xn----7sbufblaxfd3bc7dyde.xn--p1ai,653,04_STILL_UNCERTAIN,DNS_UNCERTAIN,,,,cloudflare=MIXED;google=MIXED;quad9=MIXED,,,,,,,,3132,2026-08-27T11:35:37Z
xn----8sbacgofnlmwteddjsd6a6pra8b.xn--p1ai,654,04_STILL_UNCERTAIN,DNS_UNCERTAIN,,,,cloudflare=MIXED;google=MIXED;quad9=MIXED,,,,,,,,733,2026-08-27T11:35:36Z
xn----8sbadg2cphabedvgkfq5b8a.xn--p1ai,655,04_STILL_UNCERTAIN,DNS_UNCERTAIN,,,,cloudflare=MIXED;google=MIXED;quad9=MIXED,,,,,,,,4827,2026-08-27T11:35:41Z
xn----9sbb6bc2bd.xn--p1ai,656,04_STILL_UNCERTAIN,DNS_UNCERTAIN,,,,cloudflare=MIXED;google=MIXED;quad9=MIXED,,,,,,,,628,2026-08-27T11:35:37Z
xn----9sbel8agjl1a1af0i.xn--p1ai,657,04_STILL_UNCERTAIN,DNS_UNCERTAIN,,,,cloudflare=NODATA;google=NODATA;quad9=NODATA,,,,,,,,781,2026-08-27T11:35:37Z
xn----ctbabmbcse9bfi9bo2f.xn--p1ai,658,04_STILL_UNCERTAIN,DNS_UNCERTAIN,,,,cloudflare=MIXED;google=MIXED;quad9=MIXED,,,,,,,,1211,2026-08-27T11:35:38Z
xn----ctbero9al4e.xn--p1ai,659,04_STILL_UNCERTAIN,DNS_UNCERTAIN,,,,cloudflare=MIXED;google=MIXED;quad9=MIXED,,,,,,,,3818,2026-08-27T11:35:41Z
xn----ktbeefcc5as9a.xn--p1ai,660,04_STILL_UNCERTAIN,DNS_UNCERTAIN,,,,cloudflare=NODATA;google=NODATA;quad9=NODATA,,,,,,,,10144,2026-08-27T11:35:48Z
xn---53-5cd3cgu2f.xn--p1ai,661,04_STILL_UNCERTAIN,DNS_UNCERTAIN,,,,cloudflare=NODATA;google=NODATA;quad9=NODATA,,,,,,,,2832,2026-08-27T11:35:41Z
xn--0--6lcpl1f.xn--p1ai,662,04_STILL_UNCERTAIN,DNS_UNCERTAIN,,,,cloudflare=MIXED;google=MIXED;quad9=MIXED,,,,,,,,620,2026-08-27T11:35:42Z
xn--182-9cd8bg0d.xn--p1ai,663,04_STILL_UNCERTAIN,DNS_UNCERTAIN,,,,cloudflare=MIXED;google=MIXED;quad9=MIXED,,,,,,,,730,2026-08-27T11:35:42Z
xn--2023-f4dmgb8c0ae3a.xn--p1ai,664,04_STILL_UNCERTAIN,DNS_UNCERTAIN,,,,cloudflare=MIXED;google=MIXED;quad9=MIXED,,,,,,,,823,2026-08-27T11:35:42Z
xn--2024-43daanrkbit3bbc9bm1bydcq23a.xn--p1ai,665,04_STILL_UNCERTAIN,DNS_UNCERTAIN,,,,cloudflare=MIXED;google=MIXED;quad9=MIXED,,,,,,,,830,2026-08-27T11:35:43Z
xn--38-6kclb0ccx.xn--p1ai,666,04_STILL_UNCERTAIN,DNS_UNCERTAIN,,,,cloudflare=MIXED;google=MIXED;quad9=MIXED,,,,,,,,867,2026-08-27T11:35:43Z
xn--41--5cd3cecud2h.xn--p1ai,667,04_STILL_UNCERTAIN,DNS_UNCERTAIN,,,,cloudflare=MIXED;google=MIXED;quad9=MIXED,,,,,,,,943,2026-08-27T11:35:43Z
xn--56-6kcanlw5ddbimco.xn--p1ai,668,04_STILL_UNCERTAIN,DNS_UNCERTAIN,,,,cloudflare=MIXED;google=MIXED;quad9=MIXED,,,,,,,,29046,2026-08-27T11:36:12Z
xn--66-glc2c.xn--p1ai,669,04_STILL_UNCERTAIN,DNS_UNCERTAIN,,,,cloudflare=MIXED;google=MIXED;quad9=MIXED,,,,,,,,5032,2026-08-27T11:35:48Z
xn--78-mlcufvchfgh1m.xn--p1ai,670,04_STILL_UNCERTAIN,DNS_UNCERTAIN,,,,cloudflare=MIXED;google=MIXED;quad9=MIXED,,,,,,,,23232,2026-08-27T11:36:06Z
xn--80aaaab6af1a0a1o.xn--p1ai,671,04_STILL_UNCERTAIN,DNS_UNCERTAIN,,,,cloudflare=MIXED;google=MIXED;quad9=MIXED,,,,,,,,15363,2026-08-27T11:36:03Z
xn--80aaaahtsbukmdd5bcnmw5u.xn--p1ai,672,04_STILL_UNCERTAIN,DNS_UNCERTAIN,,,,cloudflare=MIXED;google=MIXED;quad9=MIXED,,,,,,,,18412,2026-08-27T11:36:06Z
xn--80aacwc1beqa7j3a.xn--p1ai,673,04_STILL_UNCERTAIN,DNS_UNCERTAIN,,,,cloudflare=MIXED;google=MIXED;quad9=MIXED,,,,,,,,7679,2026-08-27T11:36:11Z
xn--80aagjaunuczoacq.xn--p1ai,674,04_STILL_UNCERTAIN,DNS_UNCERTAIN,,,,cloudflare=NODATA;google=NODATA;quad9=NODATA,,,,,,,,1548,2026-08-27T11:36:08Z
xn--80aai8ag9baa.xn--p1ai,675,04_STILL_UNCERTAIN,DNS_UNCERTAIN,,,,cloudflare=MIXED;google=MIXED;quad9=MIXED,,,,,,,,1818,2026-08-27T11:36:08Z
xn--80aauel2ai1j.xn--p1ai,676,04_STILL_UNCERTAIN,DNS_UNCERTAIN,,,,cloudflare=MIXED;google=MIXED;quad9=MIXED,,,,,,,,3255,2026-08-27T11:36:11Z
xn--80afebasdiheazbh2bsf6p.xn--p1ai,677,04_STILL_UNCERTAIN,DNS_UNCERTAIN,,,,cloudflare=MIXED;google=MIXED;quad9=ERROR,,,,,,,,23010,2026-08-27T11:36:31Z
xn--80afeno7a9c.xn--p1ai,678,04_STILL_UNCERTAIN,DNS_UNCERTAIN,,,,cloudflare=MIXED;google=MIXED;quad9=MIXED,,,,,,,,1751,2026-08-27T11:36:12Z
xn--90abadfchal5b0fb2fxd.xn--p1ai,679,04_STILL_UNCERTAIN,DNS_UNCERTAIN,,,,cloudflare=NODATA;google=NODATA;quad9=NODATA,,,,,,,,2604,2026-08-27T11:36:14Z
xn--b1addbflfo1abmmoo.xn--p1ai,680,04_STILL_UNCERTAIN,DNS_UNCERTAIN,,,,cloudflare=MIXED;google=MIXED;quad9=MIXED,,,,,,,,2120,2026-08-27T11:36:14Z
xn--d1ahiibceacf4b3a.xn--p1ai,681,04_STILL_UNCERTAIN,DNS_UNCERTAIN,,,,cloudflare=MIXED;google=MIXED;quad9=MIXED,,,,,,,,1693,2026-08-27T11:36:14Z
xn--e1acrkgdoe.xn--p1ai,682,04_STILL_UNCERTAIN,DNS_UNCERTAIN,,,,cloudflare=MIXED;google=MIXED;quad9=MIXED,,,,,,,,1320,2026-08-27T11:36:15Z
xn--e1agfojh6b.xn--p1ai,683,04_STILL_UNCERTAIN,DNS_UNCERTAIN,,,,cloudflare=MIXED;google=MIXED;quad9=MIXED,,,,,,,,5605,2026-08-27T11:36:19Z
yazdorov-48.ru,684,04_STILL_UNCERTAIN,DNS_UNCERTAIN,,,,cloudflare=NODATA;google=NODATA;quad9=NODATA,,,,,,,,1074,2026-08-27T11:36:15Z
yord.ru,685,04_STILL_UNCERTAIN,DNS_UNCERTAIN,,,,cloudflare=NODATA;google=NODATA;quad9=NODATA,,,,,,,,2780,2026-08-27T11:36:18Z
zabituisky-ds.ru,686,04_STILL_UNCERTAIN,DNS_UNCERTAIN,,,,cloudflare=MIXED;google=MIXED;quad9=MIXED,,,,,,,,1038,2026-08-27T11:36:16Z
zagotovkaloma.ru,687,04_STILL_UNCERTAIN,DNS_UNCERTAIN,,,,cloudflare=MIXED;google=MIXED;quad9=MIXED,,,,,,,,1382,2026-08-27T11:36:18Z
zakamsk-sport.ru,688,04_STILL_UNCERTAIN,DNS_UNCERTAIN,,,,cloudflare=MIXED;google=MIXED;quad9=MIXED,,,,,,,,566,2026-08-27T11:36:18Z
zaogeomaster.ru,689,04_STILL_UNCERTAIN,DNS_UNCERTAIN,,,,cloudflare=NODATA;google=NODATA;quad9=NODATA,,,,,,,,2224,2026-08-27T11:36:20Z
zaotimber.ru,690,04_STILL_UNCERTAIN,DNS_UNCERTAIN,,,,cloudflare=MIXED;google=MIXED;quad9=MIXED,,,,,,,,540,2026-08-27T11:36:19Z
zatochkafranchise.ru,691,04_STILL_UNCERTAIN,DNS_UNCERTAIN,,,,cloudflare=MIXED;google=MIXED;quad9=MIXED,,,,,,,,549,2026-08-27T11:36:19Z
zbcbs.ru,692,04_STILL_UNCERTAIN,DNS_UNCERTAIN,,,,cloudflare=MIXED;google=MIXED;quad9=MIXED,,,,,,,,859,2026-08-27T11:36:20Z
zip-code.ru,693,04_STILL_UNCERTAIN,DNS_UNCERTAIN,,,,cloudflare=MIXED;google=MIXED;quad9=MIXED,,,,,,,,16159,2026-08-27T11:36:36Z
zmk-vrn.ru,694,04_STILL_UNCERTAIN,DNS_UNCERTAIN,,,,cloudflare=NODATA;google=NODATA;quad9=NODATA,,,,,,,,9485,2026-08-27T11:36:30Z
zolotoy9.ru,695,04_STILL_UNCERTAIN,DNS_UNCERTAIN,,,,cloudflare=MIXED;google=MIXED;quad9=MIXED,,,,,,,,7908,2026-08-27T11:36:28Z
zombie-dev.ru,696,04_STILL_UNCERTAIN,DNS_UNCERTAIN,,,,cloudflare=NODATA;google=NODATA;quad9=NODATA,,,,,,,,1785,2026-08-27T11:36:30Z
zwebspace.ru,697,04_STILL_UNCERTAIN,DNS_UNCERTAIN,,,,cloudflare=MIXED;google=MIXED;quad9=MIXED,,,,,,,,1132,2026-08-27T11:36:31Z
